,id,viewCount,likeCount,dislikeCount,commentCount,publishedAt,title,channelTitle
0,FyL70YUha28,8089,12,3,5,2008-06-12T01:02:19.000Z,James (Harry) Potter Prequel / Sequel --  &quot;Official&quot; Trailer,kamiquazi2007
1,Lwc1deZVdRM,9260,23,2,31,2008-06-21T01:03:30.000Z,&quot;The Deathly Hallows&quot; A Harry Potter Movie Trailer,RedMatinee7007
2,jGRtKaFGVdo,57825,164,4,53,2008-07-25T11:19:37.000Z,Harry Potter and the Sorcerer&#39;s Stone - Teaser Trailer,Harry Potter Art
3,3VfUMZhv37Y,31367,87,5,23,2008-07-26T08:40:08.000Z,Harry Potter and the Chamber of Secrets - Teaser Trailer,Harry Potter Art
4,sggob1QQp1I,677676,1207,73,249,2008-07-27T14:48:19.000Z,Harry Potter und der Stein der Weisen l Offizieller Trailer,harrypottertrailer
5,SZDwBbmSd90,162093,381,18,27,2008-07-27T15:03:22.000Z,Harry Potter und die Kammer des Schreckens l Offizieller Trailer,harrypottertrailer
6,lWc5Bcl0KMA,309917,483,26,79,2008-07-27T15:17:32.000Z,Harry Potter und der Gefangene von Askaban l Offizieller Trailer,harrypottertrailer
7,Kzvb_UdFdFc,15520,55,0,18,2008-07-30T01:12:33.000Z,Harry Potter and the Half-Blood Prince official Trailer HD,schoebble
8,CPAvOX1lfds,32612,55,2,30,2008-07-30T01:56:56.000Z,Harry Potter And The Half-Blood Prince Official Teaser Trailer,Juan Rodriguez
9,837NPBFCg1k,7950,26,0,20,2008-07-30T08:02:45.000Z,Harry Potter 6 Official Trailer! [HQ],Milena Isidore Resk
10,4ba-DQjxPMM,16005,21,2,,2008-07-30T19:43:12.000Z,Potter VI Trailer Hits Theaters,Associated Press
11,uV8m-XL1kxg,42733,108,1,83,2008-07-31T21:59:47.000Z,Harry Potter and the Half-Blood Prince [HIGH QUALITY],Martijn Zwama
12,SNoHK2OR9Es,27203,132,2,29,2008-08-01T02:25:08.000Z,Harry Potter and the Half Blood Prince Teaser Trailer,IntoxicateMe
13,v42QCmxxr68,189595,283,18,89,2008-08-01T08:56:04.000Z,Harry Potter e il Principe Mezzosangue Trailer Italiano HD,HarryPotterItalia
14,wItB9jxnhOs,1015651,1544,73,730,2008-08-13T19:18:22.000Z,Harry Potter and the Half Blood Prince,BlackTree TV
15,PbrF0L4_5IQ,454,3,0,1,2008-08-21T14:25:34.000Z,Harry Potter &amp; The Half Blood Prince (OFFICIAL TRAILER),WALES2468
16,9cnsNS7Iorc,295077,906,34,86,2008-09-03T15:53:13.000Z,Harry Potter e o Enigma do Príncipe - Trailer Teaser dublado,Warner Bros. Pictures Brasil
17,_ncvOw-r67Q,1278431,11045,278,979,2008-10-03T15:49:53.000Z,Harry Potter and the Outcasts of Hogwarts,PistolShrimps
18,DC-1Ui_Yzz0,82466,111,6,34,2008-11-14T19:18:07.000Z,New (HD) Harry Potter 6 Trailer Movie 2,tomass1500
19,mf24oJkxIBI,43572,38,2,17,2008-11-14T22:55:37.000Z,Harry Potter and the Half Blood Prince HD Trailer 3,ROTCFetters
20,f1QACUwyllU,27808,232,2,15,2008-11-21T21:57:54.000Z,Harry Potter and the Half Blood Prince in theatre Trailer fandom,Shareen
21,pCZcym-VetQ,2893,22,13,1,2008-11-24T02:20:00.000Z,Harry Potter &amp; the Half Blood Prince Trailer,Patti Gaudet
22,TWJAB9nw1Mo,185743,304,15,90,2008-11-25T20:37:33.000Z,Harry Potter and the Half-Blood Prince Trailer,IGN
23,Qo2usgfgd4E,27788,89,3,26,2009-01-23T14:25:46.000Z,Harry Potter and the Half-Blood Prince - International Trailer [Japan],Harry Potter Art
24,mhvMEYukEBI,110469,120,7,33,2009-02-07T14:46:41.000Z,Harry Potter and the Goblet of Fire PC Game Trailer,vglp33
25,KJk3n9WENek,1660,2,0,1,2009-02-14T19:44:40.000Z,Harry Potter And The Sorcerer&#39;s Stone Trailer,HarryPotterScenes
26,ldl9qbfrBKc,141996,297,11,168,2009-03-05T22:54:06.000Z,Harry Potter and the Half Blood Prince Trailer # 4 New!,apnatv7HQ
27,X38VmspTOrI,17034,212,0,41,2009-03-24T06:00:38.000Z,Harry Potter and the Mamma Mia Trailer,fluffy2044
28,zBZ8mTtoI9I,1659352,3665,130,1171,2009-04-07T16:41:01.000Z,Rupert Grint: Cherrybomb: Official Trailer,CherrybombTrio09
29,wFrIiRIB8iA,2517,3,1,0,2009-04-10T01:50:07.000Z,Harry Potter and the Half-Blood Prince - International Trailer New!!,TMKlive
30,JF60_plqj_0,8716,30,1,19,2009-04-17T03:16:45.000Z,Harry Potter and the Half-Blood Prince Trailer (OFFICIAL-HQ),SlickGenius
31,rqKsxs7nNMM,44734,58,4,23,2009-04-17T07:49:25.000Z,Harry Potter and the Half Blood Prince - trailer released,On Demand Entertainment
32,TQz1NovD0eo,41307,68,8,28,2009-04-17T18:26:46.000Z,Cool Harry Potter and the Half-Blood Prince Full Length movie Trailer,EriCKson Dlc
33,rl1dY8HBTW8,81933,394,21,437,2009-04-18T03:36:37.000Z,New Harry Potter and the Half-Blood Prince Movie Trailer,ClevverTV
34,F3MJ6JKzQ74,10156,54,8,0,2009-04-20T16:01:05.000Z,Harry Potter and the Half-Blood Prince Trailer,Warner Bros NL
35,fY4DPeBbUbQ,604613,1796,57,348,2009-04-20T22:05:00.000Z,Harry Potter and the Half-Blood Prince (All 5 Trailers) (HD) *** over 9 minutes ***,ollivandershop
36,VPqr-rjcRLQ,36175,65,13,7,2009-04-23T09:31:32.000Z,Harry Potter and the Half-Blood Prince (russian),KamFeta
37,_G16VGNL73k,273631,961,23,68,2009-04-24T16:12:17.000Z,Harry Potter e Il Principe Mezzosangue - Terzo Trailer ufficiale,Warner Bros. Italia
38,gyPcxhDO0nQ,65245,,,21,2009-05-15T21:56:57.000Z,Harry Potter es a Felver Herceg trailer #6 (magyar szinkron!!) - HD,Rendor
39,jMNorcn39uo,207500,286,4,28,2009-05-30T07:17:04.000Z,Harry Potter and the Half-Blood Prince [Trailer / 2009],MrGameTube
40,izVQ5R2-69Y,151225,296,15,157,2009-06-08T08:14:55.000Z,Harry Potter and the Half-Blood Prince,BlackTree TV
41,h9dmzYm0Ol0,183859,1633,33,133,2009-06-08T12:28:31.000Z,HARRY POTTER UND DER HALBBLUTPRINZ offizieller Trailer deutsch,Warner Bros. DE
42,3ZBmdjEaqGo,252,5,0,1,2009-06-11T01:03:30.000Z,&#39;Harry Potter and the Half Blood Prince&#39; - official movie trailer,coupdemainmagazine
43,JYLdTuL9Wjw,2190076,8496,223,,2009-06-12T00:30:26.000Z,Harry Potter and The Half Blood Prince Trailer #4,Warner Bros. Pictures
44,tTf_5ElN6V0,43196,375,9,95,2009-06-12T22:01:44.000Z,Anastasia Trailer | Harry Potter Style,Weird Girl Vintage
45,v6h-IF7HgBU,31781,53,2,10,2009-06-17T11:59:00.000Z,Harry Potter och de vises sten,Anna Eriksson
46,fcJhR4C0NK4,688981,4371,785,832,2009-06-17T18:03:09.000Z,Trailer | Harry Potter and the Half-Blood Prince,HarryPotter
47,7902T9xH30M,24814,164,3,31,2009-06-22T18:31:38.000Z,Harry Potter Super Trailer,Harry Potter Art
48,q8_Sjb0vG7o,44886,119,2,6,2009-06-29T22:22:54.000Z,Harry Potter and the Half-Blood Prince IMAX® Trailer,IMAX
49,jduMAnjMXCg,14438,59,6,12,2009-06-30T22:30:27.000Z,We Are Wizards (Official Trailer),YouTube Movies
