,id,viewCount,likeCount,dislikeCount,commentCount,publishedAt,title,channelTitle
0,9hXH0Ackz6w,4398507,22877,407,3799,2010-06-28T23:06:50.000Z,Harry Potter and the Deathly Hallows Official HD Trailer,Warner Bros. Pictures
1,_EC2tmFVNNE,38296341,143958,4681,43808,2010-06-28T23:58:26.000Z,Harry Potter and the Deathly Hallows Trailer Official HD,ClevverTV
2,Agm92ElIJaU,318291,1243,38,359,2010-06-29T01:45:45.000Z,Harry Potter and the Deathly Hallows Trailer HD,hollywoodstreams
3,bL55EiybphM,1864672,3332,99,785,2010-06-29T09:15:40.000Z,Harry Potter and the Deathly Hallows : Part I &amp; Part II | OFFICIAL [HD] trailer #1 US (2010) 3D,moviemaniacsDE
4,wkvyc0AdM8M,865993,1766,87,642,2010-06-30T15:19:50.000Z,HARRY POTTER UND DIE HEILIGTÜMER DES TODES (TEIL 1) | Trailer [HD],vipmagazin
5,LWEc_rwF4KA,1068945,2718,108,1100,2010-06-30T17:22:23.000Z,Harry Potter and the Deathly Hallows: Part I Trailer [HD],IGN
6,_hz-HuSDwQw,69060,18,7,10,2010-07-07T11:34:45.000Z,Harry Potter The Deathly Hallows - Trailer,FilmIsNow Movie Trailers
7,Pwax-BnDnMs,53661,2,1,0,2010-07-07T12:32:32.000Z,Harry Potter The Deathly Hallows - Trailer,FilmIsNow Trailer & Clip in Italiano
8,3qQw5qjrrCs,446271,505,50,219,2010-07-11T07:50:49.000Z,Harry Potter and the Deathly Hallows: Part 1 | The video game OFFICIAL [HD] gameplay trailer #1,moviemaniacsDE
9,L8kngIzkmBw,310526,382,23,68,2010-07-14T17:14:51.000Z,Harry Potter e i doni della morte - Trailer Italiano,FilmIsNow Movie Trailers
10,MahTKZDHXaA,16743712,144436,2330,21705,2010-07-27T18:02:09.000Z,LITERAL Harry Potter and the Deathly Hallows Trailer Parody HD,Tobuscus
11,YzfEH0UPEBo,12574812,51642,1297,11051,2010-09-23T01:41:48.000Z,Harry Potter and the Deathly Hallows Part 1 Trailer 2 Official HD,ClevverTV
12,Su1LOpjvdZ4,1471497,7123,89,1556,2010-09-23T01:51:47.000Z,Harry Potter and the Deathly Hallows - Main Trailer,Warner Bros. Pictures
13,sITNFfn3aqo,164031,1017,28,426,2010-09-23T18:56:11.000Z,Harry Potter and the Deathly Hallows Movie Trailer,IGN
14,rQLfqdLZ49A,470222,2122,72,164,2010-09-28T15:43:26.000Z,Harry Potter e la pietra filosofale - Trailer ita,Ecodelcinema
15,BFc_OLq6neE,170384,874,21,157,2010-10-13T18:08:07.000Z,Harry Potter and the Deathly Hallows Part 1 New Teaser Trailer 1 Official HD,ClevverTV
16,177XtOLGLLg,272183,858,127,336,2010-10-17T07:35:34.000Z,Harry Potter and the Deathly Hallows Part 2 : Beyond The Trailer,Beyond The Trailer
17,TlfweZUgCQs,543131,1918,48,299,2010-10-21T14:12:28.000Z,HARRY POTTER UND DIE HEILIGTÜMER DES TODES - Teil 1 - Trailer Deutsch HD German,Warner Bros. DE
18,ZKqdcGP7VI8,40431,105,7,5,2010-11-01T11:33:03.000Z,Harry Potter a relikvie smrti část 1 (cz trailer),Svět Filmu
19,uFqzp5ID50g,180264,303,8,55,2010-11-01T20:54:58.000Z,Harry Potter and the Deathly Hallows Trailer Music 1 From Official Trailers and TV Spots,locoanimal99
20,1PbbdLiuwXI,25316,60,3,12,2010-11-01T21:18:32.000Z,Harry Potter and the Deathly Hallows Trailer Music 2 Harry Potter and the Deathly Hallows Trailer Music From Official Trailers and TV Spots,locoanimal99
21,YBRhKUuod2o,27742,234,4,1,2010-11-07T14:13:12.000Z,Harry Potter und der Halbblutprinz  Trailer Germen/Deutsch,xXxTheFossilxXx
22,8fpFFd07ZpM,53176,188,107,131,2010-11-17T18:23:47.000Z,Harry Potter 7: Deathly Hallows - Game Trailer,IGN
23,ZRiQL74q9X0,16604,50,3,5,2010-12-11T07:25:34.000Z,Harry Potter and the Philosopher&#39;s Stone - Year One Trailer [HD],The Trailer Guy
24,eKSB0gXl9dw,673574,1775,79,318,2011-01-06T05:00:56.000Z,Harry Potter and the Philosopher&#39;s Stone HD Trailer,Nicolikinz1
25,mObK5XD8udk,12752785,71354,1376,25707,2011-04-27T18:39:35.000Z,&quot;Harry Potter and the Deathly Hallows - Part 2&quot; Trailer 1,Warner Bros. Pictures
26,I_kDb-pRCds,9035620,39346,837,14461,2011-04-28T02:50:33.000Z,Harry Potter and The Deathly Hallows Part 2 Trailer Official (HD),ClevverTV
27,CndMW6FLEiI,458551,1551,32,431,2011-04-28T05:29:30.000Z,Harry Potter and the Deathly Hallows : Part 2 | OFFICIAL [HD] trailer US (2011),moviemaniacsDE
28,1mgidaTobQE,295277,1160,20,418,2011-04-28T07:09:46.000Z,Harry Potter and the Deathly Hallows Part 2  Trailer 1,FilmsActu
29,AX85BTPv9KY,94714,396,19,280,2011-04-28T17:38:52.000Z,Harry Potter and the Deathly Hallows - Part 2 Trailer,Warner Bros. UK
30,JVHOtfeSf2s,135061,625,23,72,2011-04-29T08:46:08.000Z,HARRY POTTER 7 - TEIL 2 / offizieller Trailer #1 deutsch HD,Warner Bros. DE
31,aPMOvNjFcJY,19479,37,3,4,2011-04-30T11:40:30.000Z,Harry Potter and the Half Blood Prince - Official DVD Trailer,Streaming Clips
32,gHSz-McWp1M,450306,872,40,307,2011-05-06T07:55:48.000Z,Harry Potter i Insygnia Śmierci Część 2 - Oficjalny Zwiastun PL (polskie napisy) [Full HD],Warner Bros Polska
33,50N2eB0JI80,3831656,18113,1231,1778,2011-05-27T02:01:15.000Z,Harry Potter and the Sorcerer&#39;s Stone (1/5) Movie CLIP - Harry&#39;s Birthday (2001) HD,Movieclips
34,cPsIU9BTbcQ,1340017,3515,274,471,2011-05-27T02:05:22.000Z,Harry Potter and the Chamber of Secrets (2/5) Movie CLIP - Reckless Flying (2002) HD,Movieclips
35,wdTbkO_9HrA,60968,390,7,6,2011-05-28T06:48:28.000Z,Harry Potter and the Deathly Hallows: Part 1 - No One Else is Going to Die For Me Scene (2010),Movieclips
36,NO-FZeiptqI,66981,581,11,144,2011-06-07T21:18:18.000Z,Harry Potter and the Deathly Hallows Part 2 Featurette Official (HD),ClevverTV
37,RaQZZ4_2uHw,325298,1283,23,244,2011-06-11T15:34:44.000Z,Harry Potter and the Deathly Hallows Part 2 Trailer 2 Official 2011,Streaming Clips
38,ot8XLjUpbEk,137858,936,12,55,2011-06-14T19:18:51.000Z,Harry Potter e as Relíquias da Morte: Parte 2 - Trailer Especial (legendado) [HD],Warner Bros. Pictures Brasil
39,MxqsmsA8y5k,885152,4498,125,522,2011-06-16T11:36:40.000Z,Harry Potter and the Deathly Hallows: Part 1 Official Trailer #1 - (2010) HD,Movieclips
40,-L-z8VNbrcU,300835,2059,26,74,2011-06-16T11:36:41.000Z,Harry Potter and the Deathly Hallows: Part 1 Official Trailer #2 - (2010) HD,Movieclips
41,5NYt1qirBWg,10683554,62392,1079,21258,2011-06-16T19:05:51.000Z,&quot;Harry Potter and the Deathly Hallows - Part 2&quot; Trailer 2,Warner Bros. Pictures
42,monOjieIgA4,280632,747,32,148,2011-06-16T23:18:20.000Z,Harry Potter and the Deathly Hallows - Part 2 (2011) Official Trailer 2 NEW HD,Movieclips Trailers
43,g6q6rK8E0KQ,949,16,0,1,2011-06-17T05:01:30.000Z,HARRY POTTER AND THE DEATHLY HALLOWS - PART 2 Trailer 2,WBPhilTrailers
44,t93ZKWYY4pE,8152,37,0,13,2011-06-17T12:39:16.000Z,&quot;Harry Potter and the Deathly Hallows - Part 2&quot; - Trailer 2,ukharrypotter
45,-fOaekxzgto,108051,1650,48,711,2011-06-17T18:22:06.000Z,Harry Potter: The Deathly Hallows Part 2 - Official Trailer 2,IGN
46,0scPPfboPhs,113151,373,16,13,2011-06-24T13:27:13.000Z,Harry Potter und der Orden des Phönix Offizieller Trailer (German),JustATwilightfan
47,LHmCZpRhod0,300942,1840,57,313,2011-06-27T10:21:51.000Z,HARRY POTTER 7 - TEIL 2 / offizieller Trailer #4 deutsch HD German,Warner Bros. DE
48,SWV5Xi26ego,126759,699,12,80,2011-06-29T05:12:25.000Z,Harry Potter und die Heiligtümer des Todes - Teil 2 | OFFIZIELLER deutscher Trailer #2 (2011),moviemaniacsDE
49,f3X22E_WB-o,752122,2466,78,758,2011-06-29T13:35:05.000Z,HARRY POTTER UND DIE HEILIGTÜMER DES TODES (TEIL 2) | Trailer #2 deutsch german [HD],vipmagazin
