,id,viewCount,likeCount,dislikeCount,commentCount,publishedAt,title,channelTitle
0,RFTm0AzAN3Q,42973,15,1,1,2010-06-25T19:14:07.000Z,Harry Potter Lego Years 1-4 | Gameplay trailer,moviemaniacsDE
1,9hXH0Ackz6w,4398507,22877,407,3799,2010-06-28T23:06:50.000Z,Harry Potter and the Deathly Hallows Official HD Trailer,Warner Bros. Pictures
2,_EC2tmFVNNE,38296341,143958,4681,43808,2010-06-28T23:58:26.000Z,Harry Potter and the Deathly Hallows Trailer Official HD,ClevverTV
3,Agm92ElIJaU,318291,1243,38,359,2010-06-29T01:45:45.000Z,Harry Potter and the Deathly Hallows Trailer HD,hollywoodstreams
4,bL55EiybphM,1864672,3332,99,785,2010-06-29T09:15:40.000Z,Harry Potter and the Deathly Hallows : Part I &amp; Part II | OFFICIAL [HD] trailer #1 US (2010) 3D,moviemaniacsDE
5,UU3qikisy4w,15394,15,1,4,2010-06-29T19:00:50.000Z,Harry Potter and the Deathly Hallows - Official Trailer HD,ukharrypotter
6,wkvyc0AdM8M,865993,1766,87,642,2010-06-30T15:19:50.000Z,HARRY POTTER UND DIE HEILIGTÜMER DES TODES (TEIL 1) | Trailer [HD],vipmagazin
7,LWEc_rwF4KA,1068945,2718,108,1100,2010-06-30T17:22:23.000Z,Harry Potter and the Deathly Hallows: Part I Trailer [HD],IGN
8,_hz-HuSDwQw,69060,18,7,10,2010-07-07T11:34:45.000Z,Harry Potter The Deathly Hallows - Trailer,FilmIsNow Movie Trailers
9,Pwax-BnDnMs,53661,2,1,0,2010-07-07T12:32:32.000Z,Harry Potter The Deathly Hallows - Trailer,FilmIsNow Trailer & Clip in Italiano
10,_OI8nhwJA18,17353,79,3,6,2010-07-10T17:47:25.000Z,Harry Potter en de Relieken van de Dood Deel 1 Trailer,Dominique Grit
11,3qQw5qjrrCs,446271,505,50,219,2010-07-11T07:50:49.000Z,Harry Potter and the Deathly Hallows: Part 1 | The video game OFFICIAL [HD] gameplay trailer #1,moviemaniacsDE
12,BpYkSDXCGk8,18951,43,2,0,2010-07-13T19:52:54.000Z,Harry Potter and the Deathly Hallows - Part 1 IMAX® Trailer,IMAX
13,L8kngIzkmBw,310526,382,23,68,2010-07-14T17:14:51.000Z,Harry Potter e i doni della morte - Trailer Italiano,FilmIsNow Movie Trailers
14,MahTKZDHXaA,16743712,144436,2330,21705,2010-07-27T18:02:09.000Z,LITERAL Harry Potter and the Deathly Hallows Trailer Parody HD,Tobuscus
15,F0o_mD4y0Vs,30159,178,3,38,2010-09-13T17:06:45.000Z,Harry Potter Official SuperTrailer 1-7,mennyspikemusic2
16,YzfEH0UPEBo,12574812,51642,1297,11051,2010-09-23T01:41:48.000Z,Harry Potter and the Deathly Hallows Part 1 Trailer 2 Official HD,ClevverTV
17,Su1LOpjvdZ4,1471497,7123,89,1556,2010-09-23T01:51:47.000Z,Harry Potter and the Deathly Hallows - Main Trailer,Warner Bros. Pictures
18,sITNFfn3aqo,164031,1017,28,426,2010-09-23T18:56:11.000Z,Harry Potter and the Deathly Hallows Movie Trailer,IGN
19,rQLfqdLZ49A,470222,2122,72,164,2010-09-28T15:43:26.000Z,Harry Potter e la pietra filosofale - Trailer ita,Ecodelcinema
20,BFc_OLq6neE,170384,874,21,157,2010-10-13T18:08:07.000Z,Harry Potter and the Deathly Hallows Part 1 New Teaser Trailer 1 Official HD,ClevverTV
21,_6MHHmFh8mw,103298,106,42,70,2010-10-16T09:31:03.000Z,Harry Potter and The Deathly Hallows Part 2 Fanmade Trailer,Ahana Cyrus
22,177XtOLGLLg,272183,858,127,336,2010-10-17T07:35:34.000Z,Harry Potter and the Deathly Hallows Part 2 : Beyond The Trailer,Beyond The Trailer
23,U9j-vL2f9cM,187533,1033,39,216,2010-10-21T03:19:06.000Z,Harry Potter and the Deathly Hallows Part 1 - TV Trailer Spot #1 - Official HD,ClevverTV
24,TlfweZUgCQs,543131,1918,48,299,2010-10-21T14:12:28.000Z,HARRY POTTER UND DIE HEILIGTÜMER DES TODES - Teil 1 - Trailer Deutsch HD German,Warner Bros. DE
25,zoOoKMYfT6A,128218,595,23,267,2010-10-26T23:17:32.000Z,Harry Potter and the Deathly Hallows - TV Trailer,IGN
26,l6mDODu6Na0,3194,21,1,2,2010-10-29T16:47:59.000Z,Harry Potter and the Deathly Hallows - Part 1 IMAX® Trailer #2,IMAX
27,ZKqdcGP7VI8,40431,105,7,5,2010-11-01T11:33:03.000Z,Harry Potter a relikvie smrti část 1 (cz trailer),Svět Filmu
28,kuv6FLl_B4I,11403,65,0,1,2010-11-01T14:22:24.000Z,Harry Potter and The Deathly Hallows -- Part One: Special Content Trailer,ukharrypotter
29,uFqzp5ID50g,180264,303,8,55,2010-11-01T20:54:58.000Z,Harry Potter and the Deathly Hallows Trailer Music 1 From Official Trailers and TV Spots,locoanimal99
30,1PbbdLiuwXI,25316,60,3,12,2010-11-01T21:18:32.000Z,Harry Potter and the Deathly Hallows Trailer Music 2 Harry Potter and the Deathly Hallows Trailer Music From Official Trailers and TV Spots,locoanimal99
31,VOVU-tyt4h4,30758,162,7,7,2010-11-03T15:44:04.000Z,Harry Potter and Half-Blood Prince Trailer in Hindi,Karandeepsingh Saini
32,TU6zSKZSwe0,174802,719,122,145,2010-11-06T03:13:35.000Z,The Marauders - Official Movie Trailer,ForkYouWashington
33,YBRhKUuod2o,27742,234,4,1,2010-11-07T14:13:12.000Z,Harry Potter und der Halbblutprinz  Trailer Germen/Deutsch,xXxTheFossilxXx
34,r3vOgkorq4w,9554,14,2,2,2010-11-16T15:02:16.000Z,Trailer - HARRY POTTER AND THE DEATHLY HALLOWS - PART 1 Launch Trailer,CGRtrailers
35,8fpFFd07ZpM,53176,188,107,131,2010-11-17T18:23:47.000Z,Harry Potter 7: Deathly Hallows - Game Trailer,IGN
36,1CVuEUMW478,2653,7,5,8,2010-11-17T21:26:35.000Z,Harry Potter and the Deathly Hallows: Part 1 - Launch Trailer | HD,XboxViewTV
37,i0Y6NkEBxSw,30711,153,3,5,2010-11-23T11:20:59.000Z,Harry Potter e i Doni della Morte parte 1 - Special Trailer,Warner Bros. Italia
38,ErF1FCgtC9o,53095,226,11,24,2010-11-29T09:25:37.000Z,Harry Potter - Die Jahre 1-6 Trailer,Warner Bros. DE
39,ZRiQL74q9X0,16604,50,3,5,2010-12-11T07:25:34.000Z,Harry Potter and the Philosopher&#39;s Stone - Year One Trailer [HD],The Trailer Guy
40,eKSB0gXl9dw,673574,1775,79,318,2011-01-06T05:00:56.000Z,Harry Potter and the Philosopher&#39;s Stone HD Trailer,Nicolikinz1
41,2WhhS2maFEs,836185,6632,533,2160,2011-04-01T07:01:05.000Z,Harry Potter TV Show: The Aurors - Official Trailer,IGN
42,mObK5XD8udk,12752785,71354,1376,25707,2011-04-27T18:39:35.000Z,&quot;Harry Potter and the Deathly Hallows - Part 2&quot; Trailer 1,Warner Bros. Pictures
43,I_kDb-pRCds,9035620,39346,837,14461,2011-04-28T02:50:33.000Z,Harry Potter and The Deathly Hallows Part 2 Trailer Official (HD),ClevverTV
44,1mgidaTobQE,295277,1160,20,418,2011-04-28T07:09:46.000Z,Harry Potter and the Deathly Hallows Part 2  Trailer 1,FilmsActu
45,GwhuYvSPvhE,49954,104,3,38,2011-04-28T12:42:44.000Z,Harry Potter and the Deathly Hallows Part 2 - The full trailer,The Telegraph
46,p0pJhLIbhvU,497541,1551,22,303,2011-04-28T14:05:15.000Z,Trailer: Harry Potter y las Reliquias de la Muerte - Parte 2,amoelcinelatam
47,AX85BTPv9KY,94714,396,19,280,2011-04-28T17:38:52.000Z,Harry Potter and the Deathly Hallows - Part 2 Trailer,Warner Bros. UK
48,JVHOtfeSf2s,135061,625,23,72,2011-04-29T08:46:08.000Z,HARRY POTTER 7 - TEIL 2 / offizieller Trailer #1 deutsch HD,Warner Bros. DE
49,aPMOvNjFcJY,19479,37,3,4,2011-04-30T11:40:30.000Z,Harry Potter and the Half Blood Prince - Official DVD Trailer,Streaming Clips
