,id,viewCount,likeCount,dislikeCount,commentCount,publishedAt,title,channelTitle
0,yEtziL3sj8g,25784,49,0,11,2008-05-16T19:56:23.000Z,Harry Potter e il Calice di Fuoco - Teaser Trailer,Harry Potter Art
1,sytMn1I8NyY,33298,40,1,20,2008-05-21T13:01:00.000Z,Harry Potter and the Philosopher&#39;s Stone Trailer,maxfacteur
2,-AQ_zLFF7iU,8037,41,14,12,2008-05-23T17:24:18.000Z,Harry Potter Sorcerer&#39;s Stone trailer dub (finnish),DubberTeam
3,Lwc1deZVdRM,9260,23,2,31,2008-06-21T01:03:30.000Z,&quot;The Deathly Hallows&quot; A Harry Potter Movie Trailer,RedMatinee7007
4,jGRtKaFGVdo,57825,164,4,53,2008-07-25T11:19:37.000Z,Harry Potter and the Sorcerer&#39;s Stone - Teaser Trailer,Harry Potter Art
5,3VfUMZhv37Y,31367,87,5,23,2008-07-26T08:40:08.000Z,Harry Potter and the Chamber of Secrets - Teaser Trailer,Harry Potter Art
6,sggob1QQp1I,677676,1207,73,249,2008-07-27T14:48:19.000Z,Harry Potter und der Stein der Weisen l Offizieller Trailer,harrypottertrailer
7,SZDwBbmSd90,162093,381,18,27,2008-07-27T15:03:22.000Z,Harry Potter und die Kammer des Schreckens l Offizieller Trailer,harrypottertrailer
8,lWc5Bcl0KMA,309917,483,26,79,2008-07-27T15:17:32.000Z,Harry Potter und der Gefangene von Askaban l Offizieller Trailer,harrypottertrailer
9,Kzvb_UdFdFc,15520,55,0,18,2008-07-30T01:12:33.000Z,Harry Potter and the Half-Blood Prince official Trailer HD,schoebble
10,CPAvOX1lfds,32612,55,2,30,2008-07-30T01:56:56.000Z,Harry Potter And The Half-Blood Prince Official Teaser Trailer,Juan Rodriguez
11,837NPBFCg1k,7950,26,0,20,2008-07-30T08:02:45.000Z,Harry Potter 6 Official Trailer! [HQ],Milena Isidore Resk
12,jpCPvHJ6p90,5950300,12536,464,3963,2008-07-30T09:02:25.000Z,Harry Potter and the Half-Blood Prince Official Trailer (HD - Best Quality),TheTrailerSiteDOTcom
13,4ba-DQjxPMM,16005,21,2,,2008-07-30T19:43:12.000Z,Potter VI Trailer Hits Theaters,Associated Press
14,imhMc10_9rc,591,1,0,3,2008-07-30T21:18:16.000Z,Harry Potter and the Half-Blood Prince Official Trailer,Nero453
15,uV8m-XL1kxg,42733,108,1,83,2008-07-31T21:59:47.000Z,Harry Potter and the Half-Blood Prince [HIGH QUALITY],Martijn Zwama
16,SNoHK2OR9Es,27203,132,2,29,2008-08-01T02:25:08.000Z,Harry Potter and the Half Blood Prince Teaser Trailer,IntoxicateMe
17,v42QCmxxr68,189595,283,18,89,2008-08-01T08:56:04.000Z,Harry Potter e il Principe Mezzosangue Trailer Italiano HD,HarryPotterItalia
18,IwAs53yoxpI,47346,470,15,80,2008-08-08T21:41:39.000Z,Mean Girls Trailer HP Style,mantymouse
19,wItB9jxnhOs,1015651,1544,73,730,2008-08-13T19:18:22.000Z,Harry Potter and the Half Blood Prince,BlackTree TV
20,gmKCdrBclNw,41037,43,16,53,2008-08-18T19:39:22.000Z,Harry Potter and the Sorcerer&#39;s Stone Trailer,GinaGlocksenFan
21,PbrF0L4_5IQ,454,3,0,1,2008-08-21T14:25:34.000Z,Harry Potter &amp; The Half Blood Prince (OFFICIAL TRAILER),WALES2468
22,9cnsNS7Iorc,295077,906,34,86,2008-09-03T15:53:13.000Z,Harry Potter e o Enigma do Príncipe - Trailer Teaser dublado,Warner Bros. Pictures Brasil
23,_ncvOw-r67Q,1278431,11045,278,979,2008-10-03T15:49:53.000Z,Harry Potter and the Outcasts of Hogwarts,PistolShrimps
24,DC-1Ui_Yzz0,82466,111,6,34,2008-11-14T19:18:07.000Z,New (HD) Harry Potter 6 Trailer Movie 2,tomass1500
25,mf24oJkxIBI,43572,38,2,17,2008-11-14T22:55:37.000Z,Harry Potter and the Half Blood Prince HD Trailer 3,ROTCFetters
26,f1QACUwyllU,27808,232,2,15,2008-11-21T21:57:54.000Z,Harry Potter and the Half Blood Prince in theatre Trailer fandom,Shareen
27,pCZcym-VetQ,2893,22,13,1,2008-11-24T02:20:00.000Z,Harry Potter &amp; the Half Blood Prince Trailer,Patti Gaudet
28,TWJAB9nw1Mo,185743,304,15,90,2008-11-25T20:37:33.000Z,Harry Potter and the Half-Blood Prince Trailer,IGN
29,Qo2usgfgd4E,27788,89,3,26,2009-01-23T14:25:46.000Z,Harry Potter and the Half-Blood Prince - International Trailer [Japan],Harry Potter Art
30,8sYGpajAqcQ,83758,58,2,23,2009-01-24T18:45:27.000Z,Harry Potter und der Halbblutprinz Trailer 3 (German/Deutsch),datebayobunshin
31,mhvMEYukEBI,110469,120,7,33,2009-02-07T14:46:41.000Z,Harry Potter and the Goblet of Fire PC Game Trailer,vglp33
32,ldl9qbfrBKc,141996,297,11,168,2009-03-05T22:54:06.000Z,Harry Potter and the Half Blood Prince Trailer # 4 New!,apnatv7HQ
33,X38VmspTOrI,17034,212,0,41,2009-03-24T06:00:38.000Z,Harry Potter and the Mamma Mia Trailer,fluffy2044
34,ZgMIlFDIPNc,922,7,0,0,2009-03-24T23:55:30.000Z,Harry Potter and the Half-Blood Prince Trailer,Roadshow Films
35,uzJpubLEMh8,311,3,0,0,2009-04-04T10:56:21.000Z,Harry Potter and the Halfblood Prince Trailer #2 (E),HPClips
36,zBZ8mTtoI9I,1659352,3665,130,1171,2009-04-07T16:41:01.000Z,Rupert Grint: Cherrybomb: Official Trailer,CherrybombTrio09
37,wFrIiRIB8iA,2517,3,1,0,2009-04-10T01:50:07.000Z,Harry Potter and the Half-Blood Prince - International Trailer New!!,TMKlive
38,JF60_plqj_0,8716,30,1,19,2009-04-17T03:16:45.000Z,Harry Potter and the Half-Blood Prince Trailer (OFFICIAL-HQ),SlickGenius
39,rqKsxs7nNMM,44734,58,4,23,2009-04-17T07:49:25.000Z,Harry Potter and the Half Blood Prince - trailer released,On Demand Entertainment
40,TQz1NovD0eo,41307,68,8,28,2009-04-17T18:26:46.000Z,Cool Harry Potter and the Half-Blood Prince Full Length movie Trailer,EriCKson Dlc
41,rl1dY8HBTW8,81933,394,21,437,2009-04-18T03:36:37.000Z,New Harry Potter and the Half-Blood Prince Movie Trailer,ClevverTV
42,F3MJ6JKzQ74,10156,54,8,0,2009-04-20T16:01:05.000Z,Harry Potter and the Half-Blood Prince Trailer,Warner Bros NL
43,fY4DPeBbUbQ,604613,1796,57,348,2009-04-20T22:05:00.000Z,Harry Potter and the Half-Blood Prince (All 5 Trailers) (HD) *** over 9 minutes ***,ollivandershop
44,e2y5jYv6uDM,50753,127,2,35,2009-04-21T15:22:59.000Z,Harry Potter und der Halbblutprinz l Offizieller Trailer #3 [NEU &amp; HD],harrypottertrailer
45,VPqr-rjcRLQ,36175,65,13,7,2009-04-23T09:31:32.000Z,Harry Potter and the Half-Blood Prince (russian),KamFeta
46,_G16VGNL73k,273631,961,23,68,2009-04-24T16:12:17.000Z,Harry Potter e Il Principe Mezzosangue - Terzo Trailer ufficiale,Warner Bros. Italia
47,Nr_iTTo40O8,623,7,0,1,2009-05-01T02:26:02.000Z,Harry Potter and the Half Blood Prince Trailer #4 HD,ComingSoonFilm
48,jMNorcn39uo,207500,286,4,28,2009-05-30T07:17:04.000Z,Harry Potter and the Half-Blood Prince [Trailer / 2009],MrGameTube
49,whIaoQuCov4,333254,278,30,0,2009-05-30T23:30:35.000Z,Lego Harry Potter and the Deathly Hallows Trailer,esek64
