,id,viewCount,likeCount,dislikeCount,commentCount,publishedAt,title,channelTitle
0,bZezS6XM1t4,17870,54,15,6,2012-11-02T02:27:34.000Z,Harry Potter and the Sorcerer&#39;s Stone Book Trailer,MorgansLife1999
1,7tM_TDN3ePk,395,4,0,0,2012-11-02T16:55:45.000Z,Harry Potter and the Deathly Hallows: Official Trailer # 1 [HD][Viki Trailers],VikiTrailers
2,qlzYrBC-6CE,3727333,24937,486,,2012-11-19T21:16:24.000Z,Making of &quot;Deathly Hallows -  Part 2&quot;: Neville&#39;s Stand,allpotter323
3,B8QMNM8uE2A,3861,9,2,0,2012-12-23T20:23:02.000Z,&quot;Harry Potter and the Chamber of Secrets&quot; Trailer,NetflixOficial
4,tQbCLIDm4Hk,21906,432,11,45,2013-01-06T14:49:25.000Z,Harry Potter || Series Trailer [Tribute] (Fan Made),TheRedSoxFan18
5,YVk0aWlF9Ec,57240,332,11,24,2013-01-09T16:10:09.000Z,Harry Potter and the Goblet of Fire - Trailer (HD),DutchHPfan1992
6,fkq4nzrrOXs,4371,12,1,2,2013-02-12T15:33:12.000Z,Harry Potter and the Philosophers Stone Trailer HD,CONOCEHP
7,aLyqoLRy608,3144,11,1,0,2013-02-12T17:38:27.000Z,Harry Potter and the Chamber of Secrets Trailer English HD,CONOCEHP
8,EmXeghV0mN0,249574,282,7,20,2013-02-15T04:21:32.000Z,Harry Potter and the Goblet of Fire Trailer English HD,CONOCEHP
9,zkjDFsdvQ6c,6014,114,1,8,2013-02-28T21:30:05.000Z,Harry Potter and the Deathly Hallows Part 2 Teaser Trailer [Fan Made] HD,Jackardy
10,2pc-0PRcSR4,658986,4011,308,698,2013-03-18T16:00:25.000Z,Pottermore Official Trailer (Harry Potter Game),GameNews
11,Hp-ydBT7dJs,200173,1086,25,106,2013-03-22T12:10:59.000Z,Harry Potter and the Deathly Hallows Trailers,Alex Todd
12,EvH_jnqSqKI,6333,60,0,6,2013-03-29T02:16:54.000Z,Harry Potter and the Prisoner of Azkaban (Teaser Trailer #1 - 2004),EgemenUregen
13,rmzyZcbLwvQ,853,0,0,0,2013-04-03T19:34:53.000Z,Harry Potter and the Sorcerers Stone - Trailer #2,TheTrailerArchives
14,kL1aqfnIr2Y,18998061,197153,3945,24242,2013-04-16T17:02:38.000Z,Honest Trailers - Harry Potter,Screen Junkies
15,6j49AJklk9A,258941,,,,2013-05-21T03:25:31.000Z,Harry Potter and the Deathly Hallows - Part 1 - Trailer,YouTube Movies
16,JmkiMxq2Vyo,260260,,,,2013-05-21T03:34:10.000Z,Harry Potter and the Half-Blood Prince - Trailer,YouTube Movies
17,d7i9oQm6q4k,315900,,,,2013-05-21T03:56:34.000Z,Harry Potter and the Prisoner of Azkaban - Trailer,YouTube Movies
18,XBi-RfjbmQQ,1487,2,0,1,2013-06-09T08:37:22.000Z,Harry Potter - Trailer Music Compilation 2013,Mikle Shelmez
19,E9alT_nulIM,191254,495,26,51,2013-06-12T17:16:46.000Z,Harry Potter and the Order of the Phoenix HD Trailer,CONOCEHP
20,ziESsev6_Wg,213826,3070,56,195,2013-06-21T19:55:52.000Z,La Saga Harry Potter-Trailer Completi ita,Vegetto1624
21,jtyB7e7esoA,4159,23,0,0,2013-07-08T13:45:22.000Z,27 - Harry Potter and the Deathly Hallows: Part 2 Teaser Trailer Music,HPotterMusic7
22,u39C2j2o40E,13710,56,2,0,2013-07-17T20:00:53.000Z,Harry Potter: The Complete 8-Film Collection Blu-Ray - Official® Trailer [HD],TrailersPlaygroundHD
23,z8jtIw_Ldgc,929,7,0,0,2013-07-17T20:05:01.000Z,Harry Potter: Years 1-6 Blu-Ray - Official® Trailer [HD],TrailersPlaygroundHD
24,pxH9lDv8ZAI,17461,38,1,1,2013-07-17T20:11:07.000Z,Harry Potter And The Chamber Of Secrets - Official® Trailer [HD],TrailersPlaygroundHD
25,9CmUceipDQU,10043,53,0,2,2013-07-17T20:24:44.000Z,Harry Potter And The Deathly Hallows - Part 1 - Official® Teaser [HD],TrailersPlaygroundHD
26,P2pgfgY6mpI,530,2,1,0,2013-07-17T20:24:49.000Z,Harry Potter And The Deathly Hallows - Part 1 - Official® Trailer [HD],TrailersPlaygroundHD
27,myGt3p1qifQ,503,2,0,0,2013-07-17T20:34:27.000Z,Harry Potter And The Deathly Hallows - Part 2 - Official® Trailer 1 [HD],TrailersPlaygroundHD
28,PKAMrHHf0ig,420,1,0,0,2013-07-17T20:34:32.000Z,Harry Potter And The Deathly Hallows - Part 2 - Official® Trailer 2 [HD],TrailersPlaygroundHD
29,KgNJvJFwpMU,9969,26,3,1,2013-07-17T20:41:01.000Z,Harry Potter And The Half-Blood Prince - Official® Trailer 1 [HD],TrailersPlaygroundHD
30,KqeWVNxxIgs,5712,22,0,0,2013-07-17T20:44:59.000Z,Harry Potter And The Order Of The Phoenix - Official® Trailer [HD],TrailersPlaygroundHD
31,5hU0EeBQEZY,28152,72,6,5,2013-07-17T20:53:42.000Z,Harry Potter And The Sorcerer&#39;s Stone - Official® Trailer [HD],TrailersPlaygroundHD
32,h05pzGb6SNc,5823,48,0,1,2013-07-17T20:59:29.000Z,Harry Potter: The Definitive Collection Blu-Ray - Official® Trailer [HD],TrailersPlaygroundHD
33,vYhPaB97Ijw,4037,27,0,2,2013-07-17T21:01:26.000Z,Harry Potter: Wizard&#39;s Collection Blu-Ray - Official® Trailer [HD],TrailersPlaygroundHD
34,7IDKCAD_GDw,10130,32,3,4,2013-07-17T21:05:15.000Z,Harry Potter And The Goblet Of Fire - Official® Trailer [HD],TrailersPlaygroundHD
35,Ox94c0gCNhM,1167,3,0,0,2013-07-17T21:07:34.000Z,Harry Potter And The Deathly Hallows - Part 2 Blu-ray - Official® Trailer [HD],TrailersPlaygroundHD
36,f4GKwnaM-tc,159890,190,16,,2013-07-18T23:53:35.000Z,Harry Potter und der Feuerkelch - Trailer,YouTube Movies
37,u8QrrUrOr0I,168429,163,12,,2013-07-22T03:48:04.000Z,Harry Potter und der Halbblutprinz - Trailer,YouTube Movies
38,yhug_yCe-7g,723284,436,36,,2013-07-22T17:04:23.000Z,Harry Potter und der Stein der Weisen - Trailer,YouTube Movies
39,6U0VIhTCBuY,4023,,,0,2013-07-24T22:13:11.000Z,Harry potter and Narnia mashup trailer [HD],HPInMiddleEarth
40,CFbi7jkWVdc,549180,3568,104,,2013-08-07T17:17:35.000Z,Harry Potter und der Orden des Phonix - Trailer,YouTube Movies
41,NebSxHT9ITs,7511,137,5,13,2013-08-31T13:18:14.000Z,Auror&#39;s Tale - Original Trailer,[ActionLeo]
42,AxGgkEHmHHg,2749071,21578,336,1268,2013-09-04T18:47:00.000Z,Kill Your Darlings Official Trailer #1 (2013) - Daniel Radcliffe Movie HD,Movieclips Trailers
43,LYKxhbcZrN8,64106,973,16,81,2013-09-12T23:08:52.000Z,Trailer for the Harry Potter Series,Gergő Lukács
44,yQgOVU7lRpI,8930,21,2,4,2013-09-29T15:28:50.000Z,Harry Potter and the Sorceror&#39;s Stone (2001) Trailer (VHS Capture),retro VHS trailers
45,ZE0S5DKAmRM,259868,608,13,,2013-10-04T21:09:39.000Z,"Harry Potter und die Heiligtumer des Todes, Teil 1 - Trailer",YouTube Movies
46,LE05_w5mwFc,11387,183,2,3,2013-10-08T18:24:05.000Z,Harry Potter and the deathly hallows - Trailer music [BEST VERSION],Epic Musics
47,7Nh9Htx-tHM,180662,1160,133,97,2013-10-22T21:21:38.000Z,Harry Potter PREQUEL - The Greater Good - Official Trailer,Broad Strokes
48,mLqFthvb240,171412,1550,76,47,2013-10-29T19:15:03.000Z,Romeo and Juliet Trailer - (Harry &amp; Hermione Style),HLH
49,GTo6yvJ5SCM,11821924,100962,1753,10729,2013-11-26T17:55:57.000Z,Honest Trailers - Home Alone,Screen Junkies
