,id,viewCount,likeCount,dislikeCount,commentCount,publishedAt,title,channelTitle
0,rNT2bg8ek0g,19656,10,0,0,2010-09-15T10:22:27.000Z,Harry Potter and the Deathly Hallows - Movie Trailer,AngelOnTheTube
1,YzfEH0UPEBo,12574812,51642,1297,11051,2010-09-23T01:41:48.000Z,Harry Potter and the Deathly Hallows Part 1 Trailer 2 Official HD,ClevverTV
2,Su1LOpjvdZ4,1471497,7123,89,1556,2010-09-23T01:51:47.000Z,Harry Potter and the Deathly Hallows - Main Trailer,Warner Bros. Pictures
3,sITNFfn3aqo,164031,1017,28,426,2010-09-23T18:56:11.000Z,Harry Potter and the Deathly Hallows Movie Trailer,IGN
4,rQLfqdLZ49A,470222,2122,72,164,2010-09-28T15:43:26.000Z,Harry Potter e la pietra filosofale - Trailer ita,Ecodelcinema
5,BFc_OLq6neE,170384,874,21,157,2010-10-13T18:08:07.000Z,Harry Potter and the Deathly Hallows Part 1 New Teaser Trailer 1 Official HD,ClevverTV
6,177XtOLGLLg,272183,858,127,336,2010-10-17T07:35:34.000Z,Harry Potter and the Deathly Hallows Part 2 : Beyond The Trailer,Beyond The Trailer
7,U9j-vL2f9cM,187533,1033,39,216,2010-10-21T03:19:06.000Z,Harry Potter and the Deathly Hallows Part 1 - TV Trailer Spot #1 - Official HD,ClevverTV
8,TlfweZUgCQs,543131,1918,48,299,2010-10-21T14:12:28.000Z,HARRY POTTER UND DIE HEILIGTÜMER DES TODES - Teil 1 - Trailer Deutsch HD German,Warner Bros. DE
9,ZKqdcGP7VI8,40431,105,7,5,2010-11-01T11:33:03.000Z,Harry Potter a relikvie smrti část 1 (cz trailer),Svět Filmu
10,uFqzp5ID50g,180264,303,8,55,2010-11-01T20:54:58.000Z,Harry Potter and the Deathly Hallows Trailer Music 1 From Official Trailers and TV Spots,locoanimal99
11,1PbbdLiuwXI,25316,60,3,12,2010-11-01T21:18:32.000Z,Harry Potter and the Deathly Hallows Trailer Music 2 Harry Potter and the Deathly Hallows Trailer Music From Official Trailers and TV Spots,locoanimal99
12,YBRhKUuod2o,27742,234,4,1,2010-11-07T14:13:12.000Z,Harry Potter und der Halbblutprinz  Trailer Germen/Deutsch,xXxTheFossilxXx
13,r3vOgkorq4w,9554,14,2,2,2010-11-16T15:02:16.000Z,Trailer - HARRY POTTER AND THE DEATHLY HALLOWS - PART 1 Launch Trailer,CGRtrailers
14,8fpFFd07ZpM,53176,188,107,131,2010-11-17T18:23:47.000Z,Harry Potter 7: Deathly Hallows - Game Trailer,IGN
15,i0Y6NkEBxSw,30711,153,3,5,2010-11-23T11:20:59.000Z,Harry Potter e i Doni della Morte parte 1 - Special Trailer,Warner Bros. Italia
16,ZRiQL74q9X0,16604,50,3,5,2010-12-11T07:25:34.000Z,Harry Potter and the Philosopher&#39;s Stone - Year One Trailer [HD],The Trailer Guy
17,eKSB0gXl9dw,673574,1775,79,318,2011-01-06T05:00:56.000Z,Harry Potter and the Philosopher&#39;s Stone HD Trailer,Nicolikinz1
18,2WhhS2maFEs,836185,6632,533,2160,2011-04-01T07:01:05.000Z,Harry Potter TV Show: The Aurors - Official Trailer,IGN
19,mObK5XD8udk,12752785,71354,1376,25707,2011-04-27T18:39:35.000Z,&quot;Harry Potter and the Deathly Hallows - Part 2&quot; Trailer 1,Warner Bros. Pictures
20,I_kDb-pRCds,9035620,39346,837,14461,2011-04-28T02:50:33.000Z,Harry Potter and The Deathly Hallows Part 2 Trailer Official (HD),ClevverTV
21,CndMW6FLEiI,458551,1551,32,431,2011-04-28T05:29:30.000Z,Harry Potter and the Deathly Hallows : Part 2 | OFFICIAL [HD] trailer US (2011),moviemaniacsDE
22,1mgidaTobQE,295277,1160,20,418,2011-04-28T07:09:46.000Z,Harry Potter and the Deathly Hallows Part 2  Trailer 1,FilmsActu
23,p0pJhLIbhvU,497541,1551,22,303,2011-04-28T14:05:15.000Z,Trailer: Harry Potter y las Reliquias de la Muerte - Parte 2,amoelcinelatam
24,AX85BTPv9KY,94714,396,19,280,2011-04-28T17:38:52.000Z,Harry Potter and the Deathly Hallows - Part 2 Trailer,Warner Bros. UK
25,JVHOtfeSf2s,135061,625,23,72,2011-04-29T08:46:08.000Z,HARRY POTTER 7 - TEIL 2 / offizieller Trailer #1 deutsch HD,Warner Bros. DE
26,aPMOvNjFcJY,19479,37,3,4,2011-04-30T11:40:30.000Z,Harry Potter and the Half Blood Prince - Official DVD Trailer,Streaming Clips
27,gHSz-McWp1M,450306,872,40,307,2011-05-06T07:55:48.000Z,Harry Potter i Insygnia Śmierci Część 2 - Oficjalny Zwiastun PL (polskie napisy) [Full HD],Warner Bros Polska
28,fcPYNxGM7BA,158333,339,14,126,2011-05-26T04:22:41.000Z,Harry Potter and the Sorcerer&#39;s Stone - Official Trailer [2001],PrefectPhoenix
29,50N2eB0JI80,3831656,18113,1231,1778,2011-05-27T02:01:15.000Z,Harry Potter and the Sorcerer&#39;s Stone (1/5) Movie CLIP - Harry&#39;s Birthday (2001) HD,Movieclips
30,cPsIU9BTbcQ,1340017,3515,274,471,2011-05-27T02:05:22.000Z,Harry Potter and the Chamber of Secrets (2/5) Movie CLIP - Reckless Flying (2002) HD,Movieclips
31,wdTbkO_9HrA,60968,390,7,6,2011-05-28T06:48:28.000Z,Harry Potter and the Deathly Hallows: Part 1 - No One Else is Going to Die For Me Scene (2010),Movieclips
32,5ywxgP9OudI,211284,380,34,17,2011-06-02T04:00:53.000Z,Harry Potter and the Half-Blood Prince - Trailer,Warner Movies On Demand
33,RaQZZ4_2uHw,325298,1283,23,244,2011-06-11T15:34:44.000Z,Harry Potter and the Deathly Hallows Part 2 Trailer 2 Official 2011,Streaming Clips
34,ot8XLjUpbEk,137858,936,12,55,2011-06-14T19:18:51.000Z,Harry Potter e as Relíquias da Morte: Parte 2 - Trailer Especial (legendado) [HD],Warner Bros. Pictures Brasil
35,MxqsmsA8y5k,885152,4498,125,522,2011-06-16T11:36:40.000Z,Harry Potter and the Deathly Hallows: Part 1 Official Trailer #1 - (2010) HD,Movieclips
36,-L-z8VNbrcU,300835,2059,26,74,2011-06-16T11:36:41.000Z,Harry Potter and the Deathly Hallows: Part 1 Official Trailer #2 - (2010) HD,Movieclips
37,5NYt1qirBWg,10683554,62392,1079,21258,2011-06-16T19:05:51.000Z,&quot;Harry Potter and the Deathly Hallows - Part 2&quot; Trailer 2,Warner Bros. Pictures
38,monOjieIgA4,280632,747,32,148,2011-06-16T23:18:20.000Z,Harry Potter and the Deathly Hallows - Part 2 (2011) Official Trailer 2 NEW HD,Movieclips Trailers
39,1fvaS1qVBEw,3640,9,0,0,2011-06-17T07:59:29.000Z,First look at final trailer for Harry Potter And The Deathly Hallows Part Two,The Telegraph
40,t93ZKWYY4pE,8152,37,0,13,2011-06-17T12:39:16.000Z,&quot;Harry Potter and the Deathly Hallows - Part 2&quot; - Trailer 2,ukharrypotter
41,-fOaekxzgto,108051,1650,48,711,2011-06-17T18:22:06.000Z,Harry Potter: The Deathly Hallows Part 2 - Official Trailer 2,IGN
42,0scPPfboPhs,113151,373,16,13,2011-06-24T13:27:13.000Z,Harry Potter und der Orden des Phönix Offizieller Trailer (German),JustATwilightfan
43,LHmCZpRhod0,300942,1840,57,313,2011-06-27T10:21:51.000Z,HARRY POTTER 7 - TEIL 2 / offizieller Trailer #4 deutsch HD German,Warner Bros. DE
44,SWV5Xi26ego,126759,699,12,80,2011-06-29T05:12:25.000Z,Harry Potter und die Heiligtümer des Todes - Teil 2 | OFFIZIELLER deutscher Trailer #2 (2011),moviemaniacsDE
45,f3X22E_WB-o,752122,2466,78,758,2011-06-29T13:35:05.000Z,HARRY POTTER UND DIE HEILIGTÜMER DES TODES (TEIL 2) | Trailer #2 deutsch german [HD],vipmagazin
46,EbJ4wSRMMX0,76217,263,7,15,2011-07-10T23:19:44.000Z,Harry Potter and the Deathly Hallows Part 2 Movie Trailer Blue Ray,moviemania31
47,lNHR35ECaKc,1624265,27083,665,3888,2011-07-14T15:45:45.000Z,Harry Potter Ruined!!,The Key of Awesome
48,0G5zcMw0YHc,113951,579,34,343,2011-07-15T23:56:04.000Z,Harry Potter 8 Movie Review: Beyond The Trailer,Beyond The Trailer
49,DV-MhA7Fink,725501,3090,116,444,2011-07-27T00:25:37.000Z,Lego Harry Potter Trailer SIDE by SIDE,forrestfire1001
