,id,viewCount,likeCount,dislikeCount,commentCount,publishedAt,title,channelTitle
0,0gugBiEkLwU,14771554,120267,2954,11955,2012-03-22T17:55:53.000Z,Honest Trailers - Twilight,Screen Junkies
1,6x3lglpjG54,253353,5072,113,259,2012-03-29T19:29:15.000Z,Harry Potter and the Deathly Hallows part 2 trailer at Trafalgar Square,theoutolintunen
2,pK7cqEND_AE,70884,261,86,86,2012-04-06T20:43:47.000Z,Albus Severus Potter Movie Trailer,Emily Green
3,B7W_55Vc8bY,5193,23,6,6,2012-04-09T22:08:07.000Z,LEGO Batman vs Harry Potter Trailer,Ultimate. Org Productions
4,R69laoH02xg,,1632,129,68,2012-04-11T19:33:30.000Z,Harry Potter and the Prisoner of Azkaban - Trailer,YouTube Movies
5,uU-ET1FAv3Y,,2819,428,81,2012-04-11T21:05:48.000Z,Harry Potter and the Chamber of Secrets - Trailer,Warner Movies On Demand
6,PFWAOnvMd1Q,1276306,4305,174,234,2012-04-11T22:04:55.000Z,Harry Potter and the Goblet of Fire - Trailer,Warner Movies On Demand
7,PbdM1db3JbY,,6402,480,301,2012-04-12T06:53:53.000Z,Harry Potter and the Sorcerer&#39;s Stone - Trailer,Warner Movies On Demand
8,x5Lt1zdlkeA,23883,941,3,79,2012-04-19T16:48:41.000Z,The Dark Forces || HARRY POTTER || Alternative Trailer,Sapphiamur
9,RQx-Pj20T8E,9784,129,2,24,2012-04-30T19:45:18.000Z,Harry Potter Movie Trailer Parody (Harry/Hermione with Titanic),nicolex0o
10,H6mnl22Aq4c,1989944,39337,1958,3430,2012-05-20T19:14:39.000Z,Deleted Scenes From Harry Potter (Parody),PistolShrimps
11,DZf3r3PyCFw,7875,41,4,15,2012-05-25T15:51:44.000Z,HARRY POTTER FOR KINECT Announcement Trailer,CGRtrailers
12,oqVGD0Xz0Rc,8581,40,5,12,2012-05-25T17:30:16.000Z,Harry Potter for Kinect : Gameplay Trailer,GameNews
13,ddpTSCcA81U,2831991,2656,223,1422,2012-05-31T10:20:48.000Z,Harry Potter and The Deathly Hallows Official Trailer,DrippingInsanity
14,_tnAduYVl10,10789,23,2,5,2012-06-19T12:12:09.000Z,Harry Potter Kinect for Xbox 360 Trailer,WarnerBrosIndia
15,s5YBXybRKlc,22070,157,6,14,2012-06-30T02:43:28.000Z,Harry Potter 1-8 Trailer (1080p),RandomStarWars7777
16,WqvVocPHQW0,16315,90,7,2,2012-07-05T20:14:15.000Z,Harry Potter a Relikvie smrti - část 1 (česky dabovaný trailer),stupefyblog
17,0XJZVjw1Dv0,15776,82,4,1,2012-07-07T14:34:59.000Z,Harry Potter a Relikvie smrti - část 2 (český neoficiální trailer),stupefyblog
18,SEHVAD5y2Pg,2106,6,0,2,2012-07-30T20:27:06.000Z,Harry Potter and the Sorcerer&#39;s stone - Trailer [HQ],YourTrailerInHD
19,Hx1YqrO_v9U,49776,157,8,20,2012-07-31T19:27:00.000Z,Harry Potter and the Goblet of Fire - Trailer [HD],YourTrailerInHD
20,63KfQ88rtiI,404460,579,12,63,2012-07-31T19:34:28.000Z,Harry Potter and The Order of the Phoenix - Trailer (HD),YourTrailerInHD
21,IyRifmwn-RM,17436,26,4,5,2012-08-11T12:00:35.000Z,Harry Potter and the Chamber of Secrets - Teaser Trailer (2002) | HD 1080p,KiNoLoGoIntroRelease
22,LPBRnZRdIjk,9890,25,5,10,2012-08-17T16:36:27.000Z,[Kinect] Harry Potter Kinect - Trailer d&#39;Annonce,Warner Bros. France
23,wb9bFUm_yOw,23628,91,4,0,2012-08-21T18:22:44.000Z,Harry Potter a Ohnivý pohár (Trailer),Bengoro Beng
24,hcwZRNL6-xY,41085,246,10,4,2012-08-21T18:37:43.000Z,Harry Potter a Fénixův řád (Trailer),Bengoro Beng
25,yCya17hogmA,82185,3192,27,305,2012-08-26T16:01:00.000Z,Doctor Who: Harry Potter Crossover Trailer,Maxim Tsukanov
26,fRkBWFNFZkw,11463,104,5,2,2012-09-02T01:41:49.000Z,Official Trailers - Harry Potter Movie Series,Zbolt2
27,Kihj8mdhaxI,28208,77,6,9,2012-09-05T21:29:49.000Z,Harry Potter 8 movies Super Trailer,EriCKson Dlc
28,AmiyyVyxU3M,3824,28,1,7,2012-09-22T23:53:27.000Z,Harry Potter and The Prisoner of Azkaban - Official Trailer,LeagueOfLeqends
29,Ryt8aBKe5yU,4541,9,0,1,2012-10-02T23:36:49.000Z,Harry Potter &amp; The Prisoner of Azkaban - Trailer 2,Brand X Music
30,gKhqilf32Sk,16214,71,1,3,2012-10-02T23:36:50.000Z,Harry Potter &amp; The Prisoner of Azkaban - Trailer 3,Brand X Music
31,a0Dl-UQYeRw,509517,312,26,66,2012-10-09T12:03:38.000Z,Harry Potter Kinect Trailer,WB Games
32,kLRUpT8kW8E,30821,240,586,348,2012-10-09T19:16:22.000Z,Harry Potter for Kinect Launch Trailer,IGN
33,0W3NMH0Srho,3949,10,0,4,2012-10-11T14:14:09.000Z,Harry Potter für Kinect - Launch Trailer,Warner Bros. DE
34,Mr3c_truVMw,3687,31,17,7,2012-10-14T21:55:46.000Z,Harry Potter für Kinect | Offizieller Launch Trailer [DE] (2012) | HD,XboxViewTV
35,bZezS6XM1t4,17870,54,15,6,2012-11-02T02:27:34.000Z,Harry Potter and the Sorcerer&#39;s Stone Book Trailer,MorgansLife1999
36,7tM_TDN3ePk,395,4,0,0,2012-11-02T16:55:45.000Z,Harry Potter and the Deathly Hallows: Official Trailer # 1 [HD][Viki Trailers],VikiTrailers
37,qlzYrBC-6CE,3727333,24937,486,,2012-11-19T21:16:24.000Z,Making of &quot;Deathly Hallows -  Part 2&quot;: Neville&#39;s Stand,allpotter323
38,AOIi9SjJvgU,14521128,124896,4781,19826,2012-12-11T15:20:37.000Z,Honest Trailers - The Lord of the Rings,Screen Junkies
39,B8QMNM8uE2A,3861,9,2,0,2012-12-23T20:23:02.000Z,&quot;Harry Potter and the Chamber of Secrets&quot; Trailer,NetflixOficial
40,tQbCLIDm4Hk,21906,432,11,45,2013-01-06T14:49:25.000Z,Harry Potter || Series Trailer [Tribute] (Fan Made),TheRedSoxFan18
41,YVk0aWlF9Ec,57240,332,11,24,2013-01-09T16:10:09.000Z,Harry Potter and the Goblet of Fire - Trailer (HD),DutchHPfan1992
42,fkq4nzrrOXs,4371,12,1,2,2013-02-12T15:33:12.000Z,Harry Potter and the Philosophers Stone Trailer HD,CONOCEHP
43,aLyqoLRy608,3144,11,1,0,2013-02-12T17:38:27.000Z,Harry Potter and the Chamber of Secrets Trailer English HD,CONOCEHP
44,EmXeghV0mN0,249574,282,7,20,2013-02-15T04:21:32.000Z,Harry Potter and the Goblet of Fire Trailer English HD,CONOCEHP
45,zkjDFsdvQ6c,6014,114,1,8,2013-02-28T21:30:05.000Z,Harry Potter and the Deathly Hallows Part 2 Teaser Trailer [Fan Made] HD,Jackardy
46,2pc-0PRcSR4,658986,4011,308,698,2013-03-18T16:00:25.000Z,Pottermore Official Trailer (Harry Potter Game),GameNews
47,Hp-ydBT7dJs,200173,1086,25,106,2013-03-22T12:10:59.000Z,Harry Potter and the Deathly Hallows Trailers,Alex Todd
48,ksf3_wZGfg4,4876,21,1,4,2013-03-28T23:22:41.000Z,Harry Potter and the Philosopher&#39;s Stone (Teaser Trailer - 2001),EgemenUregen
49,EvH_jnqSqKI,6333,60,0,6,2013-03-29T02:16:54.000Z,Harry Potter and the Prisoner of Azkaban (Teaser Trailer #1 - 2004),EgemenUregen
