,id,viewCount,likeCount,dislikeCount,commentCount,publishedAt,title,channelTitle
0,kBFSkwnTbBI,125787,708,39,92,2009-11-02T14:36:32.000Z,tapis-rouge-harry-potter-6,AdosTVShow
1,Mo-U5iOinM8,506320,1750,65,407,2009-11-23T20:40:20.000Z,Death Eater Attack -- Harry Potter and the Half-Blood Prince,BellaLestrangeFan
2,zhgl1PR8VHY,248390,3160,48,185,2009-12-22T00:44:27.000Z,Harry Potter and Half-Blood Prince -Behind The Scenes,193julie193
3,pCawjbMysBg,2422711,33282,829,1522,2009-12-28T14:26:54.000Z,Harry Potter and the Magic of Puberty,PistolShrimps
4,0nVQPwH2m4s,631918,2743,69,995,2009-12-29T13:36:03.000Z,Harry Potter &amp; Half-Blood Prince - Potion of Despair - HD 720p,Cation
5,ruG8d5df2E4,98502,774,10,177,2010-01-11T06:33:37.000Z,Harry Potter and the Half Blood Prince - Raise ur wand -  HD 720p,Cation
6,OOXBKdi9E7Y,485197,3870,37,592,2010-01-23T21:03:21.000Z,Harry Potter and the Goblet of Fire Deleted Scene: Hogwarts School Song,inferi07
7,rH63g-pBxr8,109055,815,185,,2010-02-19T06:46:04.000Z,harry potter the way it should have been part 1,MsAdorableIdiot
8,cwO15OdcoVM,203663,1627,30,79,2010-04-04T17:32:04.000Z,Harry Potter - Hero - Skillet,Leanneps95
9,Rr4zIpqrro4,7160972,113179,2015,4638,2010-05-24T13:09:27.000Z,Stars of Harry Potter visit Hogsmeade,Simon Willmore
10,CCvxmI6sIA8,586689,1548,45,485,2010-05-29T21:39:08.000Z,Harry Potter and the Forbidden Journey queue at the Wizarding World in Universal Orlando,Inside the Magic
11,l5gimkebIDA,286553,2301,41,71,2010-06-09T22:27:09.000Z,Harry Potter AMV Airplanes,itsatwinthing4
12,aUGbvLgOyrs,651702,3527,59,583,2010-06-17T03:08:16.000Z,"Daniel Radcliffe, Rupert Grint &amp; Harry Potter stars  open Universal Orlando&#39;s Wizarding World",Inside the Magic
13,7IH2N1hMvuc,833945,6640,58,978,2010-06-18T01:19:34.000Z,"Daniel Radcliffe, Rupert Grint and other Harry Potter stars discuss Wizarding World, movies and more",Attractions Magazine
14,rCP-E9HDd1I,230354,1870,25,155,2010-06-18T04:56:51.000Z,Full Wizarding World opening fireworks show - Harry Potter film stars light Hogwarts Castle,Attractions Magazine
15,ramuWv8rqpg,241926,1213,19,222,2010-06-18T18:13:24.000Z,Grand opening of the Wizarding World of Harry Potter with Daniel Radcliffe &amp; other movie stars,Inside the Magic
16,ZlCmd5EWHsA,38277,164,2,,2010-06-21T17:30:30.000Z,Wizarding World of Harry Potter Park Grand Opening,Destinations in Florida
17,wyT7QovU2mA,2315839,13892,223,635,2010-06-26T18:55:45.000Z,Harry Potter - Backstage Funny Moments,GarbageGurls
18,9hXH0Ackz6w,4398510,22877,407,3799,2010-06-28T23:06:50.000Z,Harry Potter and the Deathly Hallows Official HD Trailer,Warner Bros. Pictures
19,oBZ5sqPDrkU,1034388,1821,132,800,2010-06-30T00:03:38.000Z,LEGO Harry Potter: Years 1-4 Review,IGN
20,wkvyc0AdM8M,865993,1766,87,642,2010-06-30T15:19:50.000Z,HARRY POTTER UND DIE HEILIGTÜMER DES TODES (TEIL 1) | Trailer [HD],vipmagazin
21,LWEc_rwF4KA,1068945,2718,108,1100,2010-06-30T17:22:23.000Z,Harry Potter and the Deathly Hallows: Part I Trailer [HD],IGN
22,84nUq4uStQA,19269031,223062,3056,5550,2010-07-01T04:12:29.000Z,Harry Potter - Fun on the Set * from the Collectors Edition of LEGO HP*,RadcliffeWatson
23,3qQw5qjrrCs,446271,505,50,219,2010-07-11T07:50:49.000Z,Harry Potter and the Deathly Hallows: Part 1 | The video game OFFICIAL [HD] gameplay trailer #1,moviemaniacsDE
24,DZMVMgEKqx8,2030435,13969,927,589,2010-08-02T02:33:53.000Z,Harry Potter Through The Years: My Tribute,pixargal007
25,NHGJOwaM7IE,123368,630,31,52,2010-08-09T11:58:07.000Z,El bosque prohibido Harry y Draco (Harry Potter y la piedra filosofal),CharlotteTokyo
26,-Li9knvJbt4,61957,450,7,15,2010-08-27T12:41:08.000Z,HARRY POTTER 7 - Mini Making-of &quot;Forest Run&quot; DE,Warner Bros. DE
27,VmyCIY0mZsI,1216902,4499,134,834,2010-08-31T07:28:36.000Z,Harry Potter and the Half Blood Prince: Potions with Slughorn,dyingfoetus
28,XV61Q9V0HvQ,253774,2171,36,131,2010-09-05T22:25:42.000Z,Harry Potter - Firework - Fanvid (Katy Perry),TimeSpaceandMagic
29,tI7FkF3Z6ms,8826315,70762,965,22143,2010-09-09T10:48:29.000Z,Potter Puppet Pals: Harry&#39;s Nightmares,potterpuppetpals
30,JrjZdVSzBMA,158795,297,3,34,2010-09-10T22:30:07.000Z,Harry Potter and the Deathly Hallows - TV Spot #1,Warner Bros. Pictures
31,cruSfTUmK3A,175601,795,8,108,2010-09-17T19:45:54.000Z,Harry Potter and the Prisoner of Azkaban Soundtrack - 18. Forward To Time Past,jediking12
32,YzfEH0UPEBo,12574812,51642,1297,11051,2010-09-23T01:41:48.000Z,Harry Potter and the Deathly Hallows Part 1 Trailer 2 Official HD,ClevverTV
33,Su1LOpjvdZ4,1471497,7123,89,1556,2010-09-23T01:51:47.000Z,Harry Potter and the Deathly Hallows - Main Trailer,Warner Bros. Pictures
34,jkravVDDNmI,451921,5547,124,562,2010-10-12T19:18:30.000Z,Ellen Experiences &#39;The Wizarding World of Harry Potter&#39;!,TheEllenShow
35,BFc_OLq6neE,170384,874,21,157,2010-10-13T18:08:07.000Z,Harry Potter and the Deathly Hallows Part 1 New Teaser Trailer 1 Official HD,ClevverTV
36,TlfweZUgCQs,543133,1918,48,299,2010-10-21T14:12:28.000Z,HARRY POTTER UND DIE HEILIGTÜMER DES TODES - Teil 1 - Trailer Deutsch HD German,Warner Bros. DE
37,thh_3HyQozM,382592,736,21,167,2010-10-21T16:10:57.000Z,HARRY POTTER UND DIE HEILIGTÜMER DES TODES (TEIL 1) | Trailer #2 [HD],vipmagazin
38,l3Oq5E7Vz1M,395140,7754,1131,2644,2010-10-30T16:17:35.000Z,"Harry Potter - Ti, co zemřeli",MrMrKatka
39,K4xWKA4b19w,597703,8273,217,1376,2010-10-30T18:51:34.000Z,Train - Hey Soul Sister Parody: Harry Potter (Before We Say Goodbye),James@War
40,luhfstCz5DI,1248157,12135,1085,2303,2010-11-06T18:38:24.000Z,VT:Harry Potter And The Deathly Hallows Inspired Battle Part #1,Drew Casson
41,b1eAVidv0sE,530376,6926,44,727,2010-11-18T20:20:53.000Z,Jason Isaacs &amp; Tom Felton: Harry Potter and the Deathly Hallows Junket Interview,ClevverTV
42,-MtBaFKa_F4,50544977,165743,43189,23498,2010-11-19T20:02:36.000Z,HARRY POTTER DELETED SCENES!,Smosh
43,srgVwhRB7F4,390204,3107,164,647,2010-11-22T15:48:08.000Z,Harry Potter Magic Light Up Wand : DIY Backyard FX,Indy Mogul
44,UXBeYbn1BUA,29522,66,4,6,2010-11-24T18:04:22.000Z,Harry Potter et les Reliques de la Mort - Extrait Officiel  &quot;7 Harrys&quot; (VF),Warner Bros. France
45,sk5I27gTOj0,916023,3110,65,620,2010-11-24T19:21:59.000Z,Harry Potter and the Deathly Hallows - Part 1: Cafe Attack Scene,Warner Bros. Pictures
46,FjU4QjXijHQ,1129209,6429,190,360,2010-11-28T22:38:37.000Z,Harry Potter og De 4 Scener,Newyawn
47,ErF1FCgtC9o,53095,226,11,24,2010-11-29T09:25:37.000Z,Harry Potter - Die Jahre 1-6 Trailer,Warner Bros. DE
48,KVC1E5KCTP8,80696,578,21,12,2010-11-29T19:19:58.000Z,HARRY POTTER 7 - TEIL 1 - offizieller Trailer Deutsch HD German,Warner Bros. DE
49,_0dq6SL8WRc,1603748,16491,292,818,2010-11-30T12:53:31.000Z,Nick Cave &amp; The Bad Seeds - O Children (from Harry Potter &amp; The Deathly Hallows),Mute
