,id,viewCount,likeCount,dislikeCount,commentCount,publishedAt,title,channelTitle
0,qVON4in0ZdA,608475,2274,32,200,2009-07-07T22:43:16.000Z,Harry Potter and the Half Blood Prince book scene,bollycutie2012
1,HDkup3rs-jY,357775,5946,67,306,2009-07-12T03:03:22.000Z,Harry Potter and the Half-Blood Prince New York Premiere,pottercast
2,Bog-AylWcdU,223689,1934,33,130,2009-07-13T19:21:24.000Z,"HARRY POTTER AND THE HALF BLOOD PRINCE Interviews -- Daniel Radcliffe, Emma Watson and Rupert Grint",Jake Hamilton
3,vCp7m5eFDAo,1089040,3050,82,1359,2009-07-14T12:18:22.000Z,Ginny Weasley &amp; Lavender Brown - Harry Potter Love Interests - Who will Harry Marry?,Movies Ireland
4,wTHn5oFPmi8,21889545,99860,7689,32551,2009-07-14T20:39:51.000Z,Harry Potter vs. Voldemort Rap : Original Short,Indy Mogul
5,wgkHfUaG1nI,326419,2459,46,92,2009-07-17T14:00:03.000Z,Harry Potter e o Enigma do Príncipe - Trailer Final,Warner Bros. Pictures Brasil
6,oQISw4NDHVA,2961631,18823,254,3038,2009-07-23T15:30:46.000Z,Harry Potter -  Possession - HD,Cation
7,DVcUiNc_ADQ,963525,34413,314,2874,2009-07-30T16:22:35.000Z,Harry Potter Zeitschriften PATZER Folge 2 (für&#39;n Arsch),coldmirror
8,gdAgnkh_tr8,251061,1484,44,136,2009-08-31T17:58:47.000Z,Harry Potter és az Azkabani fogoly: Varázs varázs (Double Trouble),holdyoucolour
9,dYlNi5pDeDU,5811627,35801,2746,3909,2009-09-02T17:01:39.000Z,Harry Potter and the Douchebag Magicians,CollegeHumor
10,uqxUcRjJs1A,143144,791,25,35,2009-09-22T09:33:35.000Z,Harry Potter [Pump It],fcpsaraemidio
11,SKhgwCPYBks,768157,2102,60,349,2009-09-27T13:04:53.000Z,Lucius Malfoy Harry Potter and the Chamber of Secrets,Terrabella
12,Fmto8Zf5cew,297013,1554,52,93,2009-10-13T17:08:41.000Z,Harry Potter- Now or Never (High School Musical 3),TheStarRose
13,xzmgd1Ejsvo,190260,2007,48,534,2009-10-24T00:32:36.000Z,Harry Potter and the Chamber of Secrets Censored,ThisWouldBeMike
14,-ob2jTy33nU,896284,2044,54,303,2009-11-05T20:11:45.000Z,Harry Potter and the Chamber of Secrets Soundtrack - 04. Gilderoy Lockhart,jediking12
15,Mo-U5iOinM8,506320,1750,65,407,2009-11-23T20:40:20.000Z,Death Eater Attack -- Harry Potter and the Half-Blood Prince,BellaLestrangeFan
16,pCawjbMysBg,2422711,33282,829,1522,2009-12-28T14:26:54.000Z,Harry Potter and the Magic of Puberty,PistolShrimps
17,0nVQPwH2m4s,631918,2743,69,995,2009-12-29T13:36:03.000Z,Harry Potter &amp; Half-Blood Prince - Potion of Despair - HD 720p,Cation
18,h7OvAK0wFoA,2234026,8201,302,1121,2009-12-29T20:26:25.000Z,Harry Potter- The Quidditch World Cup,HarryPoterDude
19,ruG8d5df2E4,98502,774,10,177,2010-01-11T06:33:37.000Z,Harry Potter and the Half Blood Prince - Raise ur wand -  HD 720p,Cation
20,_2FqsXzPhN8,307698,2678,38,177,2010-01-13T13:28:39.000Z,Harry Potter - Le système nerveux,Slythygirl
21,f9mUJTmFuZg,83006,493,12,101,2010-01-15T14:26:10.000Z,Harry Potter Unreleased Deleted Scenes Photos (UPDATED),sportsman893
22,aG4PvM3TvlA,488113,2763,55,125,2010-01-17T05:23:15.000Z,Harry Potter-Take it Off,tywhistler
23,OOXBKdi9E7Y,485197,3870,37,592,2010-01-23T21:03:21.000Z,Harry Potter and the Goblet of Fire Deleted Scene: Hogwarts School Song,inferi07
24,rH63g-pBxr8,109055,815,185,,2010-02-19T06:46:04.000Z,harry potter the way it should have been part 1,MsAdorableIdiot
25,gMSir2IGtio,44008,305,9,24,2010-02-28T07:08:34.000Z,Fashion - Harry Potter {almost everyone},TwilightstarJasper
26,s8zBR1l4Tgc,108231,351,12,27,2010-03-24T16:54:20.000Z,Harry Potter Book Trailer,Scholastic
27,-N8x0Fb3Rxg,1051510,13166,318,729,2010-04-01T18:27:57.000Z,Harry Potter and Hermione&#39;s Stalker,PistolShrimps
28,cwO15OdcoVM,203663,1627,30,79,2010-04-04T17:32:04.000Z,Harry Potter - Hero - Skillet,Leanneps95
29,35bvyQ3Vau4,277644,3215,53,132,2010-04-06T17:33:51.000Z,Harry Potter e la camera dei segreti-scene eliminate p2,weasleylion
30,a7kkFVhh_K4,65610,384,15,39,2010-04-10T18:27:57.000Z,Harry Potter - The Circle Of Life,Leanneps95
31,Rr4zIpqrro4,7160972,113179,2015,4638,2010-05-24T13:09:27.000Z,Stars of Harry Potter visit Hogsmeade,Simon Willmore
32,CCvxmI6sIA8,586689,1548,45,485,2010-05-29T21:39:08.000Z,Harry Potter and the Forbidden Journey queue at the Wizarding World in Universal Orlando,Inside the Magic
33,bz84637ot0c,2141460,2687,678,2419,2010-06-01T16:49:18.000Z,Harry Potter and the Deathly Hallows Trailer - E3 2010,IGN
34,l5gimkebIDA,286553,2301,41,71,2010-06-09T22:27:09.000Z,Harry Potter AMV Airplanes,itsatwinthing4
35,uN9bwZWYAmw,1392869,7443,1463,1821,2010-06-17T13:56:02.000Z,Harry Potter: The Next Generation,Sonali Sethi
36,ramuWv8rqpg,241926,1213,19,222,2010-06-18T18:13:24.000Z,Grand opening of the Wizarding World of Harry Potter with Daniel Radcliffe &amp; other movie stars,Inside the Magic
37,ZlCmd5EWHsA,38277,164,2,,2010-06-21T17:30:30.000Z,Wizarding World of Harry Potter Park Grand Opening,Destinations in Florida
38,lbN8qjvu82E,297369,1451,28,528,2010-06-23T19:51:19.000Z,Best of RiffTrax&#39;s Harry Potter and the Goblet of Fire,Damar158
39,wyT7QovU2mA,2315839,13892,223,635,2010-06-26T18:55:45.000Z,Harry Potter - Backstage Funny Moments,GarbageGurls
40,9hXH0Ackz6w,4398510,22877,407,3799,2010-06-28T23:06:50.000Z,Harry Potter and the Deathly Hallows Official HD Trailer,Warner Bros. Pictures
41,e3QR5T0xeOc,776238,1549,15,123,2010-06-29T19:40:49.000Z,Harry Potter and the Chamber of Secrets Soundtrack - 13. Fawkes Is Reborn,jediking12
42,oBZ5sqPDrkU,1034388,1821,132,800,2010-06-30T00:03:38.000Z,LEGO Harry Potter: Years 1-4 Review,IGN
43,wkvyc0AdM8M,865993,1766,87,642,2010-06-30T15:19:50.000Z,HARRY POTTER UND DIE HEILIGTÜMER DES TODES (TEIL 1) | Trailer [HD],vipmagazin
44,LWEc_rwF4KA,1068945,2718,108,1100,2010-06-30T17:22:23.000Z,Harry Potter and the Deathly Hallows: Part I Trailer [HD],IGN
45,84nUq4uStQA,19269031,223062,3056,5550,2010-07-01T04:12:29.000Z,Harry Potter - Fun on the Set * from the Collectors Edition of LEGO HP*,RadcliffeWatson
46,GbAaH4A_QtI,140466,161,31,50,2010-07-10T06:30:38.000Z,LEGO Harry Potter Episode 5: Troll Battle | GamersCast,GamersCast: A dsdude1107 Production
47,ESLspJbqM5g,336323,2007,68,135,2010-07-13T14:54:02.000Z,Harry Potter e i Doni della Morte - Nuovo trailer italiano in HD,Warner Bros. Italia
48,Zj2UDFlTA64,97304,714,29,43,2010-07-25T17:44:23.000Z,Brumbál vs Voldemort Harry potter 5,Cortigon
49,H_bk1W754Sc,942480,5177,186,327,2010-07-30T04:13:05.000Z,Emma Watson and the Boys of Harry Potter,harryharryp0tter
