,id,viewCount,likeCount,dislikeCount,commentCount,publishedAt,title,channelTitle
0,rCP-E9HDd1I,230354,1870,25,155,2010-06-18T04:56:51.000Z,Full Wizarding World opening fireworks show - Harry Potter film stars light Hogwarts Castle,Attractions Magazine
1,GCWaBPnZ0LA,742646,8412,45,778,2010-06-20T00:11:24.000Z,"Opening overview of Wizarding World of Harry Potter with J.K. Rowling, Daniel Radcliffe &amp; more",Attractions Magazine
2,9hXH0Ackz6w,4398510,22877,407,3799,2010-06-28T23:06:50.000Z,Harry Potter and the Deathly Hallows Official HD Trailer,Warner Bros. Pictures
3,TtOHsprO25g,202983,891,24,93,2010-06-30T08:50:55.000Z,Harry Potter et les Reliques de la Mort - Bande Annonce Officielle (VF) - Daniel Radcliff,Warner Bros. France
4,wkvyc0AdM8M,865993,1766,87,642,2010-06-30T15:19:50.000Z,HARRY POTTER UND DIE HEILIGTÜMER DES TODES (TEIL 1) | Trailer [HD],vipmagazin
5,ESLspJbqM5g,336324,2007,68,135,2010-07-13T14:54:02.000Z,Harry Potter e i Doni della Morte - Nuovo trailer italiano in HD,Warner Bros. Italia
6,DZMVMgEKqx8,2030435,13969,927,589,2010-08-02T02:33:53.000Z,Harry Potter Through The Years: My Tribute,pixargal007
7,XV61Q9V0HvQ,253774,2171,36,131,2010-09-05T22:25:42.000Z,Harry Potter - Firework - Fanvid (Katy Perry),TimeSpaceandMagic
8,YzfEH0UPEBo,12574812,51642,1297,11051,2010-09-23T01:41:48.000Z,Harry Potter and the Deathly Hallows Part 1 Trailer 2 Official HD,ClevverTV
9,Su1LOpjvdZ4,1471497,7123,89,1556,2010-09-23T01:51:47.000Z,Harry Potter and the Deathly Hallows - Main Trailer,Warner Bros. Pictures
10,jkravVDDNmI,451921,5547,124,562,2010-10-12T19:18:30.000Z,Ellen Experiences &#39;The Wizarding World of Harry Potter&#39;!,TheEllenShow
11,TlfweZUgCQs,543133,1918,48,299,2010-10-21T14:12:28.000Z,HARRY POTTER UND DIE HEILIGTÜMER DES TODES - Teil 1 - Trailer Deutsch HD German,Warner Bros. DE
12,thh_3HyQozM,382592,736,21,167,2010-10-21T16:10:57.000Z,HARRY POTTER UND DIE HEILIGTÜMER DES TODES (TEIL 1) | Trailer #2 [HD],vipmagazin
13,-MtBaFKa_F4,50544977,165743,43189,23498,2010-11-19T20:02:36.000Z,HARRY POTTER DELETED SCENES!,Smosh
14,sk5I27gTOj0,916023,3110,65,620,2010-11-24T19:21:59.000Z,Harry Potter and the Deathly Hallows - Part 1: Cafe Attack Scene,Warner Bros. Pictures
15,V9DGXTDZMp8,175067,1677,17,280,2011-04-02T20:46:05.000Z,Harry Potter and the Deathly Hallows - Part 1: Deleted Scenes,Tony T
16,lcIGZzwM4lU,137512,577,13,37,2011-04-22T14:11:46.000Z,Harry Potter et les Reliques de la Mort - Partie 2 - Making Of &quot;Scène finale&quot; (VOST),Warner Bros. France
17,mObK5XD8udk,12752788,71354,1376,25707,2011-04-27T18:39:35.000Z,&quot;Harry Potter and the Deathly Hallows - Part 2&quot; Trailer 1,Warner Bros. Pictures
18,v2EYT0ZazAo,3202718,57395,2441,4694,2011-04-28T04:35:06.000Z,Harry Potter and The Order of Umbridge by The Hillywood Show®,The Hillywood Show
19,9DIt7xV6p28,1647585,5517,143,1657,2011-04-29T10:37:51.000Z,HARRY POTTER UND DIE HEILIGTÜMER DES TODES (TEIL 2) | Trailer deutsch german [HD],vipmagazin
20,wpbhSFJwL0o,492613,3933,72,397,2011-04-29T12:47:14.000Z,Harry Potter e i Doni Della Morte - Parte 2  - Primo Trailer italiano in HD,Warner Bros. Italia
21,KwdPHWYQr94,201566,723,17,106,2011-04-29T18:20:20.000Z,Harry Potter e as Relíquias da Morte: Parte 2 - Trailer Teaser (legendado) [HD],Warner Bros. Pictures Brasil
22,EdZyrH-bmzs,1281515,3160,62,970,2011-04-30T11:53:44.000Z,Harry Potter et les reliques de la mort Partie 2  Bande Annonce Francaise VF (HD),FilmsActu
23,3bMzpZLXbMQ,4730720,32766,594,3874,2011-05-05T15:42:14.000Z,Harry Potter  - Transformations - 10 years,li528ify
24,ogzEOc9ptGU,1010265,6567,145,639,2011-05-09T13:40:22.000Z,"Harry Potter og Dagen, Der Gik",Newyawn
25,qRQaN_DV6FI,5559062,63022,2833,26980,2011-05-15T02:20:01.000Z,Tribute to everyone who died in Harry Potter,MrGeebee1100
26,ovYOStqeZJE,303540,3801,41,369,2011-05-26T12:07:04.000Z,Harry Potter And The Deathly Hallows Part 1 - Dance Scene [HD],Fonchy
27,50N2eB0JI80,3831674,18114,1231,1778,2011-05-27T02:01:15.000Z,Harry Potter and the Sorcerer&#39;s Stone (1/5) Movie CLIP - Harry&#39;s Birthday (2001) HD,Movieclips
28,cPsIU9BTbcQ,1340026,3515,274,471,2011-05-27T02:05:22.000Z,Harry Potter and the Chamber of Secrets (2/5) Movie CLIP - Reckless Flying (2002) HD,Movieclips
29,_v5g_GFm1W0,3003897,9005,921,646,2011-05-27T02:05:26.000Z,Harry Potter and the Sorcerer&#39;s Stone (3/5) Movie CLIP - Toilet Troll (2001) HD,Movieclips
30,rwzNpFWiOTg,594399,1828,101,98,2011-05-27T02:06:16.000Z,Harry Potter and the Chamber of Secrets (3/5) Movie CLIP - Pesky Pixies (2002) HD,Movieclips
31,f1N8-L5cuWQ,765017,2054,132,297,2011-05-27T02:11:00.000Z,Harry Potter and the Sorcerer&#39;s Stone (5/5) Movie CLIP - The Last Temptation (2001) HD,Movieclips
32,kb7T9oK0tF8,1344530,3993,203,639,2011-05-27T02:12:57.000Z,Harry Potter and the Chamber of Secrets (5/5) Movie CLIP - Basilisk Slayer (2002) HD,Movieclips
33,VKhEFVAoScI,1091887,5056,192,667,2011-05-27T02:40:40.000Z,Harry Potter and the Prisoner of Azkaban (2/5) Movie CLIP - Dementor on the Train (2004) HD,Movieclips
34,W7Ic9rZ9OQw,1393741,5213,206,567,2011-05-27T03:29:06.000Z,Harry Potter and the Goblet of Fire (3/5) Movie CLIP - The Dark Lord Rises (2005) HD,Movieclips
35,9eGwOuyKu1U,1608728,7031,183,685,2011-05-27T03:33:06.000Z,He&#39;s Back - Harry Potter and the Goblet of Fire (5/5) Movie CLIP (2005) HD,Movieclips
36,2bujRZhOt9w,3020688,13631,619,694,2011-05-27T03:36:48.000Z,Harry Battles Voldemort - Harry Potter and the Goblet of Fire (4/5) Movie CLIP (2005) HD,Movieclips
37,hw6GwhfNl7U,2506609,13802,387,929,2011-05-27T03:39:32.000Z,Harry Potter and the Order of the Phoenix (5/5) Movie CLIP - Harry&#39;s Inner Battle (2007) HD,Movieclips
38,V-GgWCBVhrg,1335791,14446,128,912,2011-05-27T18:21:18.000Z,Harry Potter and the Half-Blood Prince #3 Movie CLIP - But I Am the Chosen One (2009) HD,Movieclips
39,I6f0U4QbrIo,782769,5358,138,244,2011-05-28T06:38:41.000Z,Harry Potter and the Deathly Hallows: Part 1 - Seven Harrys (2010) HD,Movieclips
40,cpKr7uGo52A,40020,166,3,10,2011-05-29T20:37:25.000Z,Harry Potter i Komnata Tajemnic - Zwiastun,NajnowszeZwiastuny
41,MxqsmsA8y5k,885154,4498,125,522,2011-06-16T11:36:40.000Z,Harry Potter and the Deathly Hallows: Part 1 Official Trailer #1 - (2010) HD,Movieclips
42,-L-z8VNbrcU,300835,2059,26,74,2011-06-16T11:36:41.000Z,Harry Potter and the Deathly Hallows: Part 1 Official Trailer #2 - (2010) HD,Movieclips
43,5NYt1qirBWg,10683558,62393,1079,21258,2011-06-16T19:05:51.000Z,&quot;Harry Potter and the Deathly Hallows - Part 2&quot; Trailer 2,Warner Bros. Pictures
44,monOjieIgA4,280632,747,32,148,2011-06-16T23:18:20.000Z,Harry Potter and the Deathly Hallows - Part 2 (2011) Official Trailer 2 NEW HD,Movieclips Trailers
45,M1me0fEgYxY,209088,1228,29,73,2011-06-24T10:30:22.000Z,Harry Potter y Las Reliquias de la Muerte - Parte 2 - Segundo Tráiler Oficial HD,Warner Bros. Pictures España
46,Zx3gn6cU2CY,2393784,6373,556,2089,2011-06-27T02:34:49.000Z,Harry Potter Hogwarts Castle Complete Forbidden Journey POV Universal Islands Of Adventure,TheCoasterViews
47,t9N-7oMiArQ,755067,3229,127,535,2011-06-27T09:18:10.000Z,Harry Potter i Insygnia Śmierci Część 2 - Oficjalny Zwiastun 4 (polskie napisy),Warner Bros Polska
48,LHmCZpRhod0,300945,1840,57,313,2011-06-27T10:21:51.000Z,HARRY POTTER 7 - TEIL 2 / offizieller Trailer #4 deutsch HD German,Warner Bros. DE
49,kCGqbTXdCSY,240998,1127,41,87,2011-06-30T15:12:19.000Z,Harry Potter 1-7 (.2) Trailer German/Deutsch [HQ],T0G4TH3R
