,id,viewCount,likeCount,dislikeCount,commentCount,publishedAt,title,channelTitle
0,d_7diR73aCQ,90657,751,14,33,2008-08-07T00:54:57.000Z,Harry Potter-Falling in the Black,KasaraWolf
1,Zbxs7troF0o,19397,194,2,14,2008-08-12T21:30:04.000Z,Harry Potter&#39;s Angel of Darkness,LadySonta
2,D3NDNpzvh1w,146017,956,16,39,2008-08-27T17:06:44.000Z,Disturbia - Harry Potter,mlleFlores
3,_ncvOw-r67Q,1278431,11045,278,979,2008-10-03T15:49:53.000Z,Harry Potter and the Outcasts of Hogwarts,PistolShrimps
4,9xLzlxHxBFA,4286241,87244,1115,6865,2008-10-21T14:42:31.000Z,Harry Potter Zeitschriften PATZER Folge 1,coldmirror
5,J_zU9oBarXo,122440,1237,57,131,2008-10-25T10:13:38.000Z,Harry Potter i Obrońca Pingwinów Ivona,Reverian
6,voM7T1cd20w,2538533,8806,325,945,2008-10-30T00:44:47.000Z,Harry Potter the Prisoner of Azkaban Harry Hermione part 2,SARBRATHAN
7,HK6sRDBU0K0,1345361,6194,412,639,2008-11-04T06:26:10.000Z,Harry Potter Bathtub Scene,Adair Bartley
8,LqyZfFubnBA,563554,9230,75,905,2008-11-16T14:14:08.000Z,Harry Potter and the Prisoner of Azkaban Interview,Natalia Ławresz
9,t0QO26Q8OyU,335804,1086,45,168,2008-12-06T01:48:56.000Z,Harry Potter Symphonic Suite-John Williams-Robert W Smith-Sasebo Wind Orch-Jack Adams - Cond.,Jack Adams
10,8h9o_d18ets,87910,515,16,18,2008-12-16T20:58:38.000Z,Harry Potter e o Enigma do Príncipe - Trailer 2 (dublado),Warner Bros. Pictures Brasil
11,lSZw7KK0FBs,210679,1777,20,306,2008-12-23T03:31:24.000Z,Harry Potter- He Lives in You,DustyFlight
12,D06a47hcd2w,417998,2291,25,603,2009-01-15T20:28:19.000Z,Harry Potter and the Goblet of Fire: Sons of Durmstrang Entrance (HQ),CaptureMaster
13,oloGq5NIuu8,140151,914,23,41,2009-01-16T21:52:38.000Z,Harry Potter e Il Principe Mezzosangue - Il secondo trailer in HD,Warner Bros. Italia
14,T8D8vEcZrqM,3538401,33827,1272,1987,2009-01-17T15:36:16.000Z,harry potter musica,jejenat30
15,Bh5zls3_k7s,3890687,36269,522,4243,2009-02-03T09:23:59.000Z,Harry Potter and the Goblet of Fire Deleted Scenes,asila06
16,HiBZKnKEElg,106626,278,11,24,2009-02-03T22:50:11.000Z,Harry Potter Choices Define Us,Bradon French
17,weIbm3m-Xbo,12592760,95367,5133,19680,2009-02-14T03:07:19.000Z,Movies In Minutes - Harry Potter,nigahiga
18,YTug9_Tuef0,347898,2777,43,278,2009-03-02T14:30:43.000Z,Harry Potter und der geheime Pornokeller Part 9,machoFORlife
19,RT0zB47mPfc,621356,8877,161,423,2009-03-05T06:27:21.000Z,Harry Potter Puppet Pals - The Mysterious Ticking Noise (Video With Lyrics),iKRockstar
20,GI4NvFzeC8o,13297153,79305,2540,16512,2009-04-13T14:49:52.000Z,Potter Puppet Pals: Ron&#39;s Disease,Neil Cicierega
21,nAQBzjE-kvI,2305078,23402,366,1806,2009-04-16T21:05:47.000Z,Harry Potter Magic Spell - Wingardium Leviosa,MarkArcana
22,ApoAzufKoXI,121138,511,15,91,2009-04-18T16:39:43.000Z,Harry Potter Melez Prens Fragman 6 Türkçe Altyazı,Tugay Gökdeniz
23,SBjUwA4GH2c,120843,1289,16,25,2009-04-22T06:09:45.000Z,Viva la Vida- Harry Potter Tribute,Karen G
24,_G16VGNL73k,273632,961,23,68,2009-04-24T16:12:17.000Z,Harry Potter e Il Principe Mezzosangue - Terzo Trailer ufficiale,Warner Bros. Italia
25,gyPcxhDO0nQ,65245,,,21,2009-05-15T21:56:57.000Z,Harry Potter es a Felver Herceg trailer #6 (magyar szinkron!!) - HD,Rendor
26,jMNorcn39uo,207500,286,4,28,2009-05-30T07:17:04.000Z,Harry Potter and the Half-Blood Prince [Trailer / 2009],MrGameTube
27,izVQ5R2-69Y,151225,296,15,157,2009-06-08T08:14:55.000Z,Harry Potter and the Half-Blood Prince,BlackTree TV
28,h9dmzYm0Ol0,183863,1633,33,133,2009-06-08T12:28:31.000Z,HARRY POTTER UND DER HALBBLUTPRINZ offizieller Trailer deutsch,Warner Bros. DE
29,5B5dLFFVzw4,1314062,7650,781,1803,2009-06-10T18:37:47.000Z,HARRY POTTER has ADHD? (HD),Oren Kaplan
30,JYLdTuL9Wjw,2190077,8496,223,,2009-06-12T00:30:26.000Z,Harry Potter and The Half Blood Prince Trailer #4,Warner Bros. Pictures
31,rDyk2szNdM0,95108,197,9,10,2009-06-20T16:53:56.000Z,HP4 - Harry Potter et la coupe de feu - Bande annonce 1 VF,ulyne59
32,8uabskh0o3k,419461,1325,131,715,2009-06-30T22:27:20.000Z,Harry Potter and the Half-Blood Prince Game Review,IGN
33,xriH5Oj5FPY,186838,279,25,92,2009-07-02T06:04:23.000Z,Harry Potter and the Half-Blood Prince™ Spells,DallyLama
34,wmwM_AKeMCk,16412802,127762,1893,18545,2009-07-05T11:12:52.000Z,A Very Potter Musical Act 1 Part 1,Team StarKid
35,qVON4in0ZdA,608475,2274,32,200,2009-07-07T22:43:16.000Z,Harry Potter and the Half Blood Prince book scene,bollycutie2012
36,OPBkcMNnwX4,2104024,8279,455,1718,2009-07-09T10:18:47.000Z,Harry Potter Vs. Voldemort in the Graveyard HIGH QUALITY,FireBeasty
37,OR6BrIZKzUU,1442553,10879,92,2301,2009-07-10T00:33:12.000Z,Draco Malfoy (Tom Felton) talks about the FINAL Harry Potter,Movies Ireland
38,qMSxAIu1NW8,647605,1796,57,1344,2009-07-11T17:00:26.000Z,Daniel Radcliffe on the FINAL Harry Potter movies - Deathly Hallows &amp; Half-Blood Prince,Movies Ireland
39,Bog-AylWcdU,223689,1934,33,130,2009-07-13T19:21:24.000Z,"HARRY POTTER AND THE HALF BLOOD PRINCE Interviews -- Daniel Radcliffe, Emma Watson and Rupert Grint",Jake Hamilton
40,xi-Q13fz7sg,53373,415,22,158,2009-07-14T00:15:13.000Z,Harry Potter and the Half-Blood Prince Interviews,IGN
41,vCp7m5eFDAo,1089040,3050,82,1359,2009-07-14T12:18:22.000Z,Ginny Weasley &amp; Lavender Brown - Harry Potter Love Interests - Who will Harry Marry?,Movies Ireland
42,wTHn5oFPmi8,21889545,99860,7689,32551,2009-07-14T20:39:51.000Z,Harry Potter vs. Voldemort Rap : Original Short,Indy Mogul
43,i2Gt9m64LBg,964673,20694,513,2939,2009-07-16T02:00:07.000Z,This Isn&#39;t Hogwarts! A Harry Potter Song,vlogbrothers
44,wgkHfUaG1nI,326419,2459,46,92,2009-07-17T14:00:03.000Z,Harry Potter e o Enigma do Príncipe - Trailer Final,Warner Bros. Pictures Brasil
45,inSjePhFe2o,467376,8991,117,1671,2009-07-19T12:10:52.000Z,Harry Potter Caramelldansen ｳｯｰｳｯｰｳﾏｳﾏ(ﾟ∀ﾟ),Xaikra
46,0qv0-BFMXqc,518280,3837,31,715,2009-07-21T17:03:41.000Z,26. &quot;Dumbledore&#39;s Farewell&quot; - Harry Potter and the Half-Blood Prince Soundtrack,Harry Potter Art
47,oQISw4NDHVA,2961631,18823,254,3038,2009-07-23T15:30:46.000Z,Harry Potter -  Possession - HD,Cation
48,DVcUiNc_ADQ,963525,34413,314,2874,2009-07-30T16:22:35.000Z,Harry Potter Zeitschriften PATZER Folge 2 (für&#39;n Arsch),coldmirror
49,Ndt-ZMiDi1M,1384498,11649,432,477,2009-07-30T17:19:36.000Z,Harry Potter e il cappello parlante,DODOsalsero
