,id,viewCount,likeCount,dislikeCount,commentCount,publishedAt,title,channelTitle
0,-aEa4MnycOw,157932,571,19,97,2008-06-03T21:23:40.000Z,Robot chicken harry potter sketch,SongsHobo
1,SavzzewEDH0,108582,771,6,26,2008-06-28T03:04:51.000Z,Harry Potter -All about us,o0Pegasus0o
2,pYiMVbDBfv8,141648,821,23,23,2008-08-02T04:43:22.000Z,Harry Potter - Mamma Mia,Jason Millis
3,d_7diR73aCQ,90657,751,14,33,2008-08-07T00:54:57.000Z,Harry Potter-Falling in the Black,KasaraWolf
4,wItB9jxnhOs,1015651,1544,73,730,2008-08-13T19:18:22.000Z,Harry Potter and the Half Blood Prince,BlackTree TV
5,PoeeC_H_afA,160198,802,19,44,2008-08-19T02:05:32.000Z,Don&#39;t Stop The Music - Harry Potter,Rebecca
6,N6rwu7Khy6Y,104229,777,27,27,2008-08-24T17:09:39.000Z,Harry Potter - i kissed a girl,nickmaster1993
7,D3NDNpzvh1w,146017,956,16,39,2008-08-27T17:06:44.000Z,Disturbia - Harry Potter,mlleFlores
8,9cnsNS7Iorc,295077,906,34,86,2008-09-03T15:53:13.000Z,Harry Potter e o Enigma do Príncipe - Trailer Teaser dublado,Warner Bros. Pictures Brasil
9,_ncvOw-r67Q,1278431,11045,278,979,2008-10-03T15:49:53.000Z,Harry Potter and the Outcasts of Hogwarts,PistolShrimps
10,9xLzlxHxBFA,4286241,87244,1115,6865,2008-10-21T14:42:31.000Z,Harry Potter Zeitschriften PATZER Folge 1,coldmirror
11,J_zU9oBarXo,122440,1237,57,131,2008-10-25T10:13:38.000Z,Harry Potter i Obrońca Pingwinów Ivona,Reverian
12,voM7T1cd20w,2538533,8806,325,945,2008-10-30T00:44:47.000Z,Harry Potter the Prisoner of Azkaban Harry Hermione part 2,SARBRATHAN
13,HK6sRDBU0K0,1345361,6194,412,639,2008-11-04T06:26:10.000Z,Harry Potter Bathtub Scene,Adair Bartley
14,8AXgtbWiPiQ,367614,1092,144,164,2008-11-14T18:43:41.000Z,Harry Potter parodie cz,Mattonia
15,LqyZfFubnBA,563554,9230,75,905,2008-11-16T14:14:08.000Z,Harry Potter and the Prisoner of Azkaban Interview,Natalia Ławresz
16,t0QO26Q8OyU,335804,1086,45,168,2008-12-06T01:48:56.000Z,Harry Potter Symphonic Suite-John Williams-Robert W Smith-Sasebo Wind Orch-Jack Adams - Cond.,Jack Adams
17,2Eo8hoBZ120,175846,336,21,33,2008-12-10T20:43:07.000Z,harry potter y la paja eterna (costeo),andu2210
18,GggjxSUEgFc,65430,511,12,90,2008-12-13T15:10:59.000Z,Naughty Boy: Ron/Harry/Draco (Harry Potter SLASH),starrose20
19,8h9o_d18ets,87910,515,16,18,2008-12-16T20:58:38.000Z,Harry Potter e o Enigma do Príncipe - Trailer 2 (dublado),Warner Bros. Pictures Brasil
20,lSZw7KK0FBs,210679,1777,20,306,2008-12-23T03:31:24.000Z,Harry Potter- He Lives in You,DustyFlight
21,oloGq5NIuu8,140151,914,23,41,2009-01-16T21:52:38.000Z,Harry Potter e Il Principe Mezzosangue - Il secondo trailer in HD,Warner Bros. Italia
22,T8D8vEcZrqM,3538401,33827,1272,1987,2009-01-17T15:36:16.000Z,harry potter musica,jejenat30
23,BTNIOictiqo,262785,1708,84,363,2009-01-26T18:43:34.000Z,Funny Harry Potter Fan Art Pics,It'sMeLydia
24,Bh5zls3_k7s,3890687,36269,522,4243,2009-02-03T09:23:59.000Z,Harry Potter and the Goblet of Fire Deleted Scenes,asila06
25,weIbm3m-Xbo,12592760,95367,5133,19680,2009-02-14T03:07:19.000Z,Movies In Minutes - Harry Potter,nigahiga
26,RT0zB47mPfc,621356,8877,161,423,2009-03-05T06:27:21.000Z,Harry Potter Puppet Pals - The Mysterious Ticking Noise (Video With Lyrics),iKRockstar
27,LP2fHPKtJIA,25116,44,6,15,2009-04-04T11:03:23.000Z,Ben Shepherd talks about his Harry Potter cameo,On Demand Entertainment
28,0dgRA30PME0,215119,1554,21,254,2009-04-13T07:27:29.000Z,Disturbia | Harry Potter&#39;s Villains,Weird Girl Vintage
29,GI4NvFzeC8o,13297153,79305,2540,16512,2009-04-13T14:49:52.000Z,Potter Puppet Pals: Ron&#39;s Disease,Neil Cicierega
30,uU7r_Xg9E7M,44601,74,23,41,2009-04-16T15:51:24.000Z,Harry Potter - gelesen von Felix von Manteuffel,Der Hörverlag - Die besten Hörbücher
31,nAQBzjE-kvI,2305078,23402,366,1806,2009-04-16T21:05:47.000Z,Harry Potter Magic Spell - Wingardium Leviosa,MarkArcana
32,ApoAzufKoXI,121138,511,15,91,2009-04-18T16:39:43.000Z,Harry Potter Melez Prens Fragman 6 Türkçe Altyazı,Tugay Gökdeniz
33,fY4DPeBbUbQ,604613,1796,57,348,2009-04-20T22:05:00.000Z,Harry Potter and the Half-Blood Prince (All 5 Trailers) (HD) *** over 9 minutes ***,ollivandershop
34,SBjUwA4GH2c,120843,1289,16,25,2009-04-22T06:09:45.000Z,Viva la Vida- Harry Potter Tribute,Karen G
35,RVQ8MZGlZQE,20972,308,6,8,2009-04-24T12:58:11.000Z,Die besten Zitate aus Harry Potter und der geheime Pornokeller,Alexiees
36,_G16VGNL73k,273632,961,23,68,2009-04-24T16:12:17.000Z,Harry Potter e Il Principe Mezzosangue - Terzo Trailer ufficiale,Warner Bros. Italia
37,OUcAzp_HQZ8,184246,1320,27,419,2009-04-27T17:06:45.000Z,Harry Potter: Epilogue in Fan Art,rachezee
38,gyPcxhDO0nQ,65245,,,21,2009-05-15T21:56:57.000Z,Harry Potter es a Felver Herceg trailer #6 (magyar szinkron!!) - HD,Rendor
39,jMNorcn39uo,207500,286,4,28,2009-05-30T07:17:04.000Z,Harry Potter and the Half-Blood Prince [Trailer / 2009],MrGameTube
40,TdQ3RtUaU-w,39539,343,23,43,2009-06-07T14:28:56.000Z,Harry Potter Greek Parody Part 1 BY tsontomanis,moufasman
41,h9dmzYm0Ol0,183863,1633,33,133,2009-06-08T12:28:31.000Z,HARRY POTTER UND DER HALBBLUTPRINZ offizieller Trailer deutsch,Warner Bros. DE
42,5B5dLFFVzw4,1314062,7650,781,1803,2009-06-10T18:37:47.000Z,HARRY POTTER has ADHD? (HD),Oren Kaplan
43,JYLdTuL9Wjw,2190077,8496,223,,2009-06-12T00:30:26.000Z,Harry Potter and The Half Blood Prince Trailer #4,Warner Bros. Pictures
44,SztgPN0xxYk,154944,1796,57,576,2009-06-18T20:33:06.000Z,Harry Potter Next Generation,Missphoenix05
45,rDyk2szNdM0,95108,197,9,10,2009-06-20T16:53:56.000Z,HP4 - Harry Potter et la coupe de feu - Bande annonce 1 VF,ulyne59
46,B31xFJtZbH0,318231,473,33,39,2009-06-20T18:00:25.000Z,HP2 - Harry Potter et la chambre des secrets - Bande annonce VF,ulyne59
47,WQ6OlBCl7so,41581,347,10,29,2009-06-28T08:49:16.000Z,The Climb (Harry Potter),Triwizard100
48,eikb-3139mA,152196,935,20,87,2009-06-28T23:53:43.000Z,We are One- Harry Potter,MelindaPotter
49,8uabskh0o3k,419461,1325,131,715,2009-06-30T22:27:20.000Z,Harry Potter and the Half-Blood Prince Game Review,IGN
