,id,viewCount,likeCount,dislikeCount,commentCount,publishedAt,title,channelTitle
0,HK6sRDBU0K0,1345361,6194,412,639,2008-11-04T06:26:10.000Z,Harry Potter Bathtub Scene,Adair Bartley
1,LqyZfFubnBA,563554,9230,75,905,2008-11-16T14:14:08.000Z,Harry Potter and the Prisoner of Azkaban Interview,Natalia Ławresz
2,t0QO26Q8OyU,335804,1086,45,168,2008-12-06T01:48:56.000Z,Harry Potter Symphonic Suite-John Williams-Robert W Smith-Sasebo Wind Orch-Jack Adams - Cond.,Jack Adams
3,8h9o_d18ets,87910,515,16,18,2008-12-16T20:58:38.000Z,Harry Potter e o Enigma do Príncipe - Trailer 2 (dublado),Warner Bros. Pictures Brasil
4,lSZw7KK0FBs,210679,1777,20,306,2008-12-23T03:31:24.000Z,Harry Potter- He Lives in You,DustyFlight
5,D06a47hcd2w,417998,2291,25,603,2009-01-15T20:28:19.000Z,Harry Potter and the Goblet of Fire: Sons of Durmstrang Entrance (HQ),CaptureMaster
6,oloGq5NIuu8,140151,914,23,41,2009-01-16T21:52:38.000Z,Harry Potter e Il Principe Mezzosangue - Il secondo trailer in HD,Warner Bros. Italia
7,T8D8vEcZrqM,3538401,33827,1272,1987,2009-01-17T15:36:16.000Z,harry potter musica,jejenat30
8,Bh5zls3_k7s,3890687,36269,522,4243,2009-02-03T09:23:59.000Z,Harry Potter and the Goblet of Fire Deleted Scenes,asila06
9,HiBZKnKEElg,106626,278,11,24,2009-02-03T22:50:11.000Z,Harry Potter Choices Define Us,Bradon French
10,weIbm3m-Xbo,12592760,95367,5133,19680,2009-02-14T03:07:19.000Z,Movies In Minutes - Harry Potter,nigahiga
11,RT0zB47mPfc,621356,8877,161,423,2009-03-05T06:27:21.000Z,Harry Potter Puppet Pals - The Mysterious Ticking Noise (Video With Lyrics),iKRockstar
12,nAQBzjE-kvI,2305078,23402,366,1806,2009-04-16T21:05:47.000Z,Harry Potter Magic Spell - Wingardium Leviosa,MarkArcana
13,ApoAzufKoXI,121138,511,15,91,2009-04-18T16:39:43.000Z,Harry Potter Melez Prens Fragman 6 Türkçe Altyazı,Tugay Gökdeniz
14,SBjUwA4GH2c,120843,1289,16,25,2009-04-22T06:09:45.000Z,Viva la Vida- Harry Potter Tribute,Karen G
15,Vw3HBxonHVw,942420,10564,404,1213,2009-04-24T15:35:22.000Z,Harry Potter and the Outcasts of Hogwarts: The Joke,PistolShrimps
16,_G16VGNL73k,273632,961,23,68,2009-04-24T16:12:17.000Z,Harry Potter e Il Principe Mezzosangue - Terzo Trailer ufficiale,Warner Bros. Italia
17,gyPcxhDO0nQ,65245,,,21,2009-05-15T21:56:57.000Z,Harry Potter es a Felver Herceg trailer #6 (magyar szinkron!!) - HD,Rendor
18,h9dmzYm0Ol0,183863,1633,33,133,2009-06-08T12:28:31.000Z,HARRY POTTER UND DER HALBBLUTPRINZ offizieller Trailer deutsch,Warner Bros. DE
19,5B5dLFFVzw4,1314062,7650,781,1803,2009-06-10T18:37:47.000Z,HARRY POTTER has ADHD? (HD),Oren Kaplan
20,JYLdTuL9Wjw,2190077,8496,223,,2009-06-12T00:30:26.000Z,Harry Potter and The Half Blood Prince Trailer #4,Warner Bros. Pictures
21,rDyk2szNdM0,95108,197,9,10,2009-06-20T16:53:56.000Z,HP4 - Harry Potter et la coupe de feu - Bande annonce 1 VF,ulyne59
22,8uabskh0o3k,419461,1325,131,715,2009-06-30T22:27:20.000Z,Harry Potter and the Half-Blood Prince Game Review,IGN
23,xriH5Oj5FPY,186838,279,25,92,2009-07-02T06:04:23.000Z,Harry Potter and the Half-Blood Prince™ Spells,DallyLama
24,qVON4in0ZdA,608475,2274,32,200,2009-07-07T22:43:16.000Z,Harry Potter and the Half Blood Prince book scene,bollycutie2012
25,OPBkcMNnwX4,2104024,8279,455,1718,2009-07-09T10:18:47.000Z,Harry Potter Vs. Voldemort in the Graveyard HIGH QUALITY,FireBeasty
26,Bog-AylWcdU,223689,1934,33,130,2009-07-13T19:21:24.000Z,"HARRY POTTER AND THE HALF BLOOD PRINCE Interviews -- Daniel Radcliffe, Emma Watson and Rupert Grint",Jake Hamilton
27,xi-Q13fz7sg,53373,415,22,158,2009-07-14T00:15:13.000Z,Harry Potter and the Half-Blood Prince Interviews,IGN
28,vCp7m5eFDAo,1089040,3050,82,1359,2009-07-14T12:18:22.000Z,Ginny Weasley &amp; Lavender Brown - Harry Potter Love Interests - Who will Harry Marry?,Movies Ireland
29,wTHn5oFPmi8,21889545,99860,7689,32551,2009-07-14T20:39:51.000Z,Harry Potter vs. Voldemort Rap : Original Short,Indy Mogul
30,i2Gt9m64LBg,964673,20694,513,2939,2009-07-16T02:00:07.000Z,This Isn&#39;t Hogwarts! A Harry Potter Song,vlogbrothers
31,wgkHfUaG1nI,326419,2459,46,92,2009-07-17T14:00:03.000Z,Harry Potter e o Enigma do Príncipe - Trailer Final,Warner Bros. Pictures Brasil
32,inSjePhFe2o,467376,8991,117,1671,2009-07-19T12:10:52.000Z,Harry Potter Caramelldansen ｳｯｰｳｯｰｳﾏｳﾏ(ﾟ∀ﾟ),Xaikra
33,0qv0-BFMXqc,518280,3837,31,715,2009-07-21T17:03:41.000Z,26. &quot;Dumbledore&#39;s Farewell&quot; - Harry Potter and the Half-Blood Prince Soundtrack,Harry Potter Art
34,oQISw4NDHVA,2961631,18823,254,3038,2009-07-23T15:30:46.000Z,Harry Potter -  Possession - HD,Cation
35,DVcUiNc_ADQ,963525,34413,314,2874,2009-07-30T16:22:35.000Z,Harry Potter Zeitschriften PATZER Folge 2 (für&#39;n Arsch),coldmirror
36,Ndt-ZMiDi1M,1384498,11649,432,477,2009-07-30T17:19:36.000Z,Harry Potter e il cappello parlante,DODOsalsero
37,ExGz-Q7IKJo,65617,400,14,55,2009-08-02T03:25:09.000Z,"Deliver Us, Harry Potter!",itachifan1243
38,_K2d-eNyJMg,561913,4081,84,559,2009-08-09T06:07:31.000Z,Harry Potter and Half Blood Prince Dumbledore First Meets Young Tom Riddle FULL SCENE HIGH QUALITY,xtheRainmakerx
39,gdAgnkh_tr8,251061,1484,44,136,2009-08-31T17:58:47.000Z,Harry Potter és az Azkabani fogoly: Varázs varázs (Double Trouble),holdyoucolour
40,dYlNi5pDeDU,5811627,35801,2746,3909,2009-09-02T17:01:39.000Z,Harry Potter and the Douchebag Magicians,CollegeHumor
41,6KqiP1_tmJw,168622,329,26,45,2009-09-10T14:29:51.000Z,Harry Potter and the Half Blood Prince Gameplay 19,PotterAndMatrixFan
42,uqxUcRjJs1A,143144,791,25,35,2009-09-22T09:33:35.000Z,Harry Potter [Pump It],fcpsaraemidio
43,SKhgwCPYBks,768157,2102,60,349,2009-09-27T13:04:53.000Z,Lucius Malfoy Harry Potter and the Chamber of Secrets,Terrabella
44,_J5uMqy5l6Y,11511,140,18,25,2009-09-28T05:58:33.000Z,&quot;Harry Potter&quot;- Harry and the Potters,Raquel Hagman
45,IGlpsqMePs8,289285,2317,27,426,2009-10-05T19:26:50.000Z,Robert Pattinson - Funny Interview - Harry Potter,TwilightVideosonly
46,Fmto8Zf5cew,297013,1554,52,93,2009-10-13T17:08:41.000Z,Harry Potter- Now or Never (High School Musical 3),TheStarRose
47,xzmgd1Ejsvo,190260,2007,48,534,2009-10-24T00:32:36.000Z,Harry Potter and the Chamber of Secrets Censored,ThisWouldBeMike
48,x80htYftIkg,60796,411,10,13,2009-11-08T18:40:28.000Z,Harry Potter- Down,Chibisora17
49,Mo-U5iOinM8,506320,1750,65,407,2009-11-23T20:40:20.000Z,Death Eater Attack -- Harry Potter and the Half-Blood Prince,BellaLestrangeFan
