,id,viewCount,likeCount,dislikeCount,commentCount,publishedAt,title,channelTitle
0,jkravVDDNmI,451921,5547,124,562,2010-10-12T19:18:30.000Z,Ellen Experiences &#39;The Wizarding World of Harry Potter&#39;!,TheEllenShow
1,kmXjPbN-rYU,263689,2156,35,135,2010-10-19T16:20:11.000Z,Harry Potter e as Relíquias da Morte: Parte 1 - Trailer (dublado) [HD],Warner Bros. Pictures Brasil
2,TlfweZUgCQs,543133,1918,48,299,2010-10-21T14:12:28.000Z,HARRY POTTER UND DIE HEILIGTÜMER DES TODES - Teil 1 - Trailer Deutsch HD German,Warner Bros. DE
3,thh_3HyQozM,382592,736,21,167,2010-10-21T16:10:57.000Z,HARRY POTTER UND DIE HEILIGTÜMER DES TODES (TEIL 1) | Trailer #2 [HD],vipmagazin
4,7UaDE96ZR5c,501303,2502,43,172,2010-10-25T17:23:44.000Z,Harry Potter e i Doni della Morte - Il trailer della parte 1 in HD,Warner Bros. Italia
5,-MtBaFKa_F4,50544977,165743,43189,23498,2010-11-19T20:02:36.000Z,HARRY POTTER DELETED SCENES!,Smosh
6,sk5I27gTOj0,916023,3110,65,620,2010-11-24T19:21:59.000Z,Harry Potter and the Deathly Hallows - Part 1: Cafe Attack Scene,Warner Bros. Pictures
7,FjU4QjXijHQ,1129209,6429,190,360,2010-11-28T22:38:37.000Z,Harry Potter og De 4 Scener,Newyawn
8,V9DGXTDZMp8,175067,1677,17,280,2011-04-02T20:46:05.000Z,Harry Potter and the Deathly Hallows - Part 1: Deleted Scenes,Tony T
9,mObK5XD8udk,12752788,71354,1376,25707,2011-04-27T18:39:35.000Z,&quot;Harry Potter and the Deathly Hallows - Part 2&quot; Trailer 1,Warner Bros. Pictures
10,v2EYT0ZazAo,3202718,57395,2441,4694,2011-04-28T04:35:06.000Z,Harry Potter and The Order of Umbridge by The Hillywood Show®,The Hillywood Show
11,9DIt7xV6p28,1647585,5517,143,1657,2011-04-29T10:37:51.000Z,HARRY POTTER UND DIE HEILIGTÜMER DES TODES (TEIL 2) | Trailer deutsch german [HD],vipmagazin
12,wpbhSFJwL0o,492613,3933,72,397,2011-04-29T12:47:14.000Z,Harry Potter e i Doni Della Morte - Parte 2  - Primo Trailer italiano in HD,Warner Bros. Italia
13,1AfFyUZK1So,164817,631,13,37,2011-04-29T22:02:52.000Z,Harry Potter et Les Reliques de la Mort - Partie 2 - Bande Annonce Officielle (VF),Warner Bros. France
14,aeJ8OPz4ATY,1089247,597,15,46,2011-04-29T22:04:30.000Z,Harry Potter et Les Reliques de la Mort - Partie 2 - Bande Annonce Officielle (VOST),Warner Bros. France
15,qRQaN_DV6FI,5559062,63022,2833,26980,2011-05-15T02:20:01.000Z,Tribute to everyone who died in Harry Potter,MrGeebee1100
16,50N2eB0JI80,3831674,18114,1231,1778,2011-05-27T02:01:15.000Z,Harry Potter and the Sorcerer&#39;s Stone (1/5) Movie CLIP - Harry&#39;s Birthday (2001) HD,Movieclips
17,cPsIU9BTbcQ,1340026,3515,274,471,2011-05-27T02:05:22.000Z,Harry Potter and the Chamber of Secrets (2/5) Movie CLIP - Reckless Flying (2002) HD,Movieclips
18,_v5g_GFm1W0,3003897,9005,921,646,2011-05-27T02:05:26.000Z,Harry Potter and the Sorcerer&#39;s Stone (3/5) Movie CLIP - Toilet Troll (2001) HD,Movieclips
19,VKhEFVAoScI,1091887,5056,192,667,2011-05-27T02:40:40.000Z,Harry Potter and the Prisoner of Azkaban (2/5) Movie CLIP - Dementor on the Train (2004) HD,Movieclips
20,W7Ic9rZ9OQw,1393741,5213,206,567,2011-05-27T03:29:06.000Z,Harry Potter and the Goblet of Fire (3/5) Movie CLIP - The Dark Lord Rises (2005) HD,Movieclips
21,9eGwOuyKu1U,1608728,7031,183,685,2011-05-27T03:33:06.000Z,He&#39;s Back - Harry Potter and the Goblet of Fire (5/5) Movie CLIP (2005) HD,Movieclips
22,2bujRZhOt9w,3020688,13631,619,694,2011-05-27T03:36:48.000Z,Harry Battles Voldemort - Harry Potter and the Goblet of Fire (4/5) Movie CLIP (2005) HD,Movieclips
23,hw6GwhfNl7U,2506609,13802,387,929,2011-05-27T03:39:32.000Z,Harry Potter and the Order of the Phoenix (5/5) Movie CLIP - Harry&#39;s Inner Battle (2007) HD,Movieclips
24,V-GgWCBVhrg,1335791,14446,128,912,2011-05-27T18:21:18.000Z,Harry Potter and the Half-Blood Prince #3 Movie CLIP - But I Am the Chosen One (2009) HD,Movieclips
25,I6f0U4QbrIo,782769,5358,138,244,2011-05-28T06:38:41.000Z,Harry Potter and the Deathly Hallows: Part 1 - Seven Harrys (2010) HD,Movieclips
26,MxqsmsA8y5k,885154,4498,125,522,2011-06-16T11:36:40.000Z,Harry Potter and the Deathly Hallows: Part 1 Official Trailer #1 - (2010) HD,Movieclips
27,5NYt1qirBWg,10683558,62393,1079,21258,2011-06-16T19:05:51.000Z,&quot;Harry Potter and the Deathly Hallows - Part 2&quot; Trailer 2,Warner Bros. Pictures
28,t9N-7oMiArQ,755067,3229,127,535,2011-06-27T09:18:10.000Z,Harry Potter i Insygnia Śmierci Część 2 - Oficjalny Zwiastun 4 (polskie napisy),Warner Bros Polska
29,LHmCZpRhod0,300945,1840,57,313,2011-06-27T10:21:51.000Z,HARRY POTTER 7 - TEIL 2 / offizieller Trailer #4 deutsch HD German,Warner Bros. DE
30,flQZuDXqQjk,782620,2909,72,524,2011-06-30T15:39:47.000Z,Harry Potter e i doni della morte - parte 2 - Main Trailer in HD,Warner Bros. Italia
31,qvgVMecNp0c,11773051,157969,6825,17491,2011-07-01T06:33:44.000Z,Harry Potter Friday Parody by The Hillywood Show®,The Hillywood Show
32,U5don9ACZEI,15654749,218251,2656,21121,2011-07-07T10:09:25.000Z,Harry Potter cast and producers remember their favourite lines,Digital Spy
33,mvIv9XEINhM,22474016,254985,4137,8727,2011-07-08T01:35:31.000Z,On set for the final chapter of &#39;Harry Potter and the Deathly Hallows: Part 2&#39;,MakingOf
34,IXXX14F_lgo,12539745,95981,3682,8019,2011-07-08T04:18:14.000Z,&quot;Harry Potter and the Deathly Hallows - Part 2&quot;  Red Carpet Premiere,Warner Bros. Pictures
35,B_XU4eUXDRU,1285519,8758,219,932,2011-07-09T09:54:52.000Z,Harry Potter og Den Nye Fjende,Newyawn
36,1mT0bPFthf8,181868,720,31,116,2011-07-12T17:37:57.000Z,Ralph Fiennes Talks Voldemort And The Final Harry Potter,AMC Theatres
37,y57sYHIDP_Y,50440097,1071385,11261,87335,2011-07-17T20:31:57.000Z,Harry Potter in 99 Seconds,Paint
38,pZosyCFdxSc,118687,1720,24,60,2011-07-18T16:46:37.000Z,Harry Potter e i doni della morte - parte 2 - Featurette IT ALL ENDS,Warner Bros. Italia
39,ijC_YN-dfKA,126279,1401,42,79,2011-07-19T09:03:05.000Z,Harry Potter i Insygnia Śmierci Część 2 - Fragment Filmu: It all ends [Full HD],Warner Bros Polska
40,BjWz_DzjQ4E,5286230,133047,858,6522,2011-07-19T21:24:27.000Z,&quot;Harry Potter and the Deathly Hallows - Part 2&quot;:  It All Ends,Warner Bros. Pictures
41,wd45wXAIYpw,1791399,5545,192,769,2011-07-28T07:01:32.000Z,Harry Potter and the Chamber of Secrets (Clip) Harry escapes the Dursley&#39;s,HPMovieScenes
42,eiuCdPJ83n4,2861345,15069,1043,1811,2011-07-28T23:17:50.000Z,Harry Potter Best Scenes,MsCute1221
43,jvx3ummWpWs,920175,9946,109,1833,2011-08-07T02:59:06.000Z,The Making of Harry Potter Friday Parody - The Hillywood Show®,The Hillywood Show
44,YsYWT5Q_R_w,29331960,374675,7038,32235,2011-08-18T14:17:24.000Z,How Harry Potter Should Have Ended,How It Should Have Ended
45,ll1H-9Qm1UM,319440,2168,35,157,2011-09-02T20:11:53.000Z,Harry Potter and the Deathly Hallows: Part 2 Official Trailer #3 - (2011) HD,Movieclips
46,KRWhztPNCnY,712670,4583,129,198,2011-09-13T22:34:17.000Z,Harry Potter- On The Floor,MissElvenLover
47,HUORBuglEr4,1116445,7750,292,1187,2011-09-16T07:07:22.000Z,Lego Harry Potter - Mischief Un-Managed,forrestfire101
48,8FemTyiyS4w,467773,5077,303,191,2011-09-23T22:40:22.000Z,Zaklęcia w filmie &quot;Harry Potter i Kamień Filozoficzny&quot;,hpzaklecia
49,pEKA6rmVfW8,19127498,140519,3376,21396,2011-10-18T18:00:19.000Z,19 Years Later Scene - Harry Potter and the Deathly Hallows Part 2 [HD],Wh0MuStNotBeNaMeD
